variable,,PGDP,PGDP,PGDP,PGDP,PGDP,PGDP,PGDP,PGDP,PGDP,PGDP,PGDP,PGDP,PGDP,RGDP,RGDP,RGDP,RGDP,RGDP,RGDP,RGDP,RGDP,RGDP,RGDP,RGDP,RGDP,RGDP,TBILL,TBILL,TBILL,TBILL,TBILL,TBILL,TBILL,TBILL,TBILL,TBILL,TBILL,TBILL,TBILL
k,,-4,-3,-2,-1,0,1,2,3,4,5,6,7,8,-4,-3,-2,-1,0,1,2,3,4,5,6,7,8,-4,-3,-2,-1,0,1,2,3,4,5,6,7,8
date,ID,,,,,,,,,,,,,,,,,,,,,,,,,,,,,,,,,,,,,,,
1981Q1,GB_0,9.3,9.8,9.2,11.2,11.7,8.7,8.6,9.1,8.0,7.6,7.5,8.1,,3.1,-9.9,2.4,5.0,1.3,-2.2,0.6,0.7,0.7,0.3,0.6,1.0,,13.345967741935485,9.618253968253969,9.13546875,13.61,15.0,14.0,15.25,16.25,16.5,16.75,17.0,17.0,
1981Q1,GB_1,9.3,9.8,9.2,10.7,9.1,8.9,8.7,9.0,8.0,7.7,7.6,8.3,,3.1,-9.9,2.4,3.8,5.8,0.0,0.8,0.5,0.3,0.3,0.6,1.2,,13.345967741935485,9.618253968253969,9.13546875,13.61,14.25,14.5,16.0,17.0,17.0,17.0,17.0,17.0,
1981Q2,GB_0,9.8,9.2,10.7,7.8,8.1,8.2,8.3,7.6,7.3,7.1,7.8,,,-9.9,2.4,3.8,6.5,1.0,0.3,1.5,0.2,0.4,1.5,1.5,,,9.618253968253969,9.13546875,13.604918032786886,14.39,15.5,16.5,16.5,16.75,17.0,17.0,17.0,,
1981Q3,GB_0,9.2,10.7,9.8,6.3,7.3,9.1,7.2,7.0,6.6,7.3,,,,2.4,3.8,8.6,0.2,0.3,1.1,0.4,0.2,2.0,2.3,,,,9.13546875,13.604918032786886,14.352950819672131,14.875,15.0,15.5,16.0,16.0,16.0,16.0,,,
1981Q3,GB_1,9.2,10.7,9.8,6.0,7.2,9.3,6.6,6.8,6.5,7.2,,,,2.4,3.8,8.6,-1.9,-0.2,1.0,0.3,0.3,2.2,2.8,,,,9.13546875,13.604918032786886,14.352950819672131,14.9,15.25,15.75,16.0,16.0,16.0,16.0,,,
1981Q3,GB_2,9.2,10.7,9.8,6.4,8.4,8.8,6.7,6.9,6.5,7.0,,,,2.4,3.8,8.6,-1.6,-0.6,-1.8,0.2,0.3,2.9,3.2,,,,9.13546875,13.604918032786886,14.352950819672131,14.9,14.75,14.5,14.0,13.5,14.0,14.5,,,
1981Q4,GB_0,10.7,9.8,6.4,9.4,9.6,7.1,7.3,6.6,7.3,,,,,3.8,8.6,-1.6,-0.6,-4.2,-1.8,0.9,3.3,3.2,,,,,13.604918032786886,14.352950819672131,14.885396825396825,15.05,12.0,11.0,12.0,13.0,14.0,,,,
1981Q4,GB_1,10.7,9.8,6.4,9.5,9.0,6.9,7.1,6.4,6.7,,,,,3.8,8.6,-1.6,0.6,-5.5,-2.2,1.9,4.1,3.1,,,,,13.604918032786886,14.352950819672131,14.885396825396825,15.05078125,11.75,11.25,12.0,13.0,13.5,13.5,11.75,12.0,13.5
1982Q1,GB_0,9.8,6.4,9.9,8.4,6.7,6.9,6.1,6.1,5.5,5.0,4.7,5.3,,8.6,-1.6,1.4,-5.2,-4.0,1.3,4.5,3.7,1.4,1.4,3.9,2.7,,14.352950819672131,14.885396825396825,15.05078125,11.75,12.375,11.75,12.5,13.0,12.5,11.5,12.25,12.5,
1982Q1,GB_1,9.8,6.4,9.9,9.5,5.0,6.6,5.4,5.5,5.0,4.8,4.2,5.2,,8.6,-1.6,1.4,-4.5,-4.5,2.1,5.1,3.9,1.9,2.1,4.5,3.1,,14.352950819672131,14.885396825396825,15.05078125,11.75,12.75,12.0,12.0,12.0,11.75,11.25,12.0,12.5,
1982Q2,GB_0,6.4,9.9,9.5,3.6,6.0,5.5,5.7,4.7,4.6,3.9,4.9,,,-1.6,1.4,-4.5,-3.9,0.4,3.9,3.1,2.3,2.5,4.6,3.5,,,14.885396825396825,15.05078125,11.777868852459017,12.81,12.25,11.25,11.25,11.25,11.25,12.0,12.5,,
1982Q2,GB_1,6.4,9.9,9.5,3.8,6.1,5.7,5.4,4.6,4.5,3.8,4.5,,,-1.6,1.4,-4.5,-3.7,0.7,2.5,2.9,1.9,2.0,4.1,4.0,,,14.885396825396825,15.05078125,11.777868852459017,12.81,12.375,12.25,11.75,11.75,12.0,12.25,12.5,,
1982Q3,GB_0,9.0,8.8,4.3,5.3,6.4,5.2,4.9,4.1,3.8,4.2,,,,2.2,-5.3,-5.1,1.7,1.0,2.3,2.5,1.9,4.2,3.8,,,,15.05078125,11.777868852459017,12.78327868852459,12.42,10.0,9.5,10.25,10.5,11.0,11.5,,,
1982Q3,GB_1,9.0,8.8,4.3,4.6,6.4,5.4,4.8,4.1,3.9,4.3,,,,2.2,-5.3,-5.1,2.1,0.1,1.0,2.2,2.3,3.9,4.0,,,,15.05078125,11.777868852459017,12.78327868852459,12.42,9.5,7.75,8.5,9.0,10.0,10.5,,,
1982Q4,GB_0,8.8,4.3,4.6,5.4,6.0,5.0,4.1,3.4,3.9,,,,,-5.3,-5.1,2.1,0.8,-0.6,1.9,2.0,4.4,4.3,,,,,11.777868852459017,12.78327868852459,12.425079365079364,9.32,7.5,7.5,8.0,9.5,10.0,,,,
1982Q4,GB_1,8.8,4.3,4.6,4.7,6.0,4.4,4.2,3.9,4.0,,,,,-5.3,-5.1,2.1,0.0,-1.8,1.9,2.0,3.9,4.6,,,,,11.777868852459017,12.78327868852459,12.425079365079364,9.32,8.0,7.5,7.5,7.5,7.5,7.0,7.0,6.75,6.75
1983Q1,GB_0,4.3,4.6,5.0,4.3,4.5,3.6,3.8,3.6,3.5,3.5,3.8,4.2,,-5.1,2.1,0.7,-2.5,3.5,2.6,3.9,3.9,4.2,4.1,4.4,4.6,,12.78327868852459,12.425079365079364,9.30640625,7.9,8.0,7.5,7.5,7.75,7.75,7.5,7.25,7.25,
1983Q1,GB_1,4.3,4.6,5.0,3.7,3.8,4.5,3.0,3.2,3.4,3.4,3.4,3.7,,-5.1,2.1,0.7,-1.1,4.1,3.5,4.5,4.4,4.4,4.3,4.8,5.0,,12.78327868852459,12.425079365079364,9.30640625,7.9,8.0,8.0,8.0,7.75,7.5,7.5,7.25,7.25,
1983Q2,GB_0,4.6,5.0,3.7,5.8,3.2,3.1,3.2,3.1,3.4,3.4,4.0,,,2.1,0.7,-1.1,3.1,5.5,4.8,5.0,4.7,4.6,4.8,4.9,,,12.425079365079364,9.30640625,7.902950819672131,8.11,8.125,8.125,8.125,8.0,7.75,7.75,7.75,,
1983Q3,GB_0,5.0,3.7,5.5,3.6,3.3,3.1,3.5,3.9,4.3,4.3,,,,0.7,-1.1,2.6,7.5,7.1,5.0,4.3,4.2,4.1,4.1,,,,9.30640625,7.902950819672131,8.113650793650795,8.4,9.0,9.25,9.25,8.75,8.5,8.5,,,
1983Q3,GB_1,3.7,3.8,5.5,4.5,3.8,3.6,4.5,4.3,4.5,4.5,,,,-1.0,-1.3,2.6,8.7,8.2,4.8,4.1,4.1,3.8,3.8,,,,9.30640625,7.902950819672131,8.113650793650795,8.4,9.375,9.5,9.125,8.75,8.5,8.5,,,
1983Q3,GB_2,3.7,3.8,5.5,3.3,4.0,4.1,4.5,4.3,4.4,4.5,,,,-1.0,-1.3,2.6,9.7,6.9,4.8,4.1,4.3,4.4,4.1,,,,9.30640625,7.902950819672131,8.113650793650795,8.4,9.125,8.75,8.75,8.75,8.5,8.5,,,
1983Q4,GB_0,3.8,5.5,3.3,3.4,4.6,4.7,4.6,4.5,4.6,,,,,-1.3,2.6,9.7,7.9,6.3,4.8,4.2,4.2,4.2,,,,,7.902950819672131,8.113650793650795,8.407936507936508,9.14,8.75,9.25,9.0,8.75,8.75,,,,
1983Q4,GB_1,3.8,5.5,3.3,3.3,4.9,4.9,4.4,4.5,4.6,,,,,-1.3,2.6,9.7,7.7,6.3,4.8,4.1,4.2,4.1,,,,,7.902950819672131,8.113650793650795,8.407936507936508,9.14703125,8.75,9.25,9.125,9.0,9.0,9.25,9.375,9.375,9.375
1984Q1,GB_0,5.5,3.3,3.6,3.9,5.2,4.1,4.3,4.6,5.3,4.9,5.1,5.3,,2.6,9.7,7.6,4.5,4.7,4.4,4.3,3.8,3.4,3.4,3.1,2.9,,8.113650793650795,8.407936507936508,9.14703125,8.75,9.0,9.125,9.25,9.375,9.625,9.75,9.625,9.625,
1984Q1,GB_1,5.5,3.3,3.6,3.9,4.8,4.1,4.7,5.1,5.4,5.3,5.7,5.9,,2.6,9.7,7.6,5.0,8.0,6.0,4.0,3.1,3.1,2.7,2.9,2.8,,8.113650793650795,8.407936507936508,9.14703125,8.8,9.125,9.75,10.0,10.5,10.5,10.375,10.25,10.25,
1984Q2,GB_0,3.3,3.6,3.9,4.1,4.3,4.6,4.7,5.4,5.2,5.6,5.9,,,9.7,7.6,5.0,8.3,5.0,4.9,3.1,2.7,2.9,2.9,2.8,,,8.407936507936508,9.14703125,8.802333333333333,9.17,9.875,10.375,10.375,10.375,10.375,10.375,10.375,,
1984Q3,GB_0,3.6,3.9,3.9,2.8,4.1,4.5,4.9,4.8,5.3,5.6,,,,7.6,5.0,9.7,6.7,5.3,3.5,3.0,2.8,2.8,2.7,,,,9.14703125,8.802333333333333,9.17758064516129,9.78,10.25,10.625,10.875,11.0,11.0,11.0,,,
1984Q3,GB_1,3.1,4.4,4.4,3.2,3.3,3.9,4.5,4.2,4.8,5.2,,,,6.8,5.9,10.1,7.5,5.0,4.0,3.4,3.1,3.1,3.0,,,,9.14703125,8.802333333333333,9.17758064516129,9.8,10.375,10.5,10.875,11.0,11.0,11.0,,,
1984Q3,GB_2,3.1,4.4,4.4,3.3,3.4,4.3,4.8,4.1,4.3,4.6,,,,6.8,5.9,10.1,7.1,2.7,4.3,3.2,2.9,2.8,3.0,,,,9.14703125,8.802333333333333,9.17758064516129,9.8,10.375,10.25,10.375,10.5,10.5,10.5,,,
1984Q4,GB_0,4.4,4.4,3.3,3.6,3.8,4.6,3.9,4.1,4.3,,,,,5.9,10.1,7.1,2.7,3.4,3.4,3.3,3.1,2.9,,,,,8.802333333333333,9.17758064516129,9.800952380952381,10.32,9.375,9.125,9.125,9.25,9.5,,,,
1984Q4,GB_1,4.4,4.4,3.3,3.7,4.1,4.5,3.6,3.7,3.9,,,,,5.9,10.1,7.1,1.9,1.3,2.4,3.2,3.2,2.8,,,,,8.802333333333333,9.17758064516129,9.800952380952381,10.32,8.75,8.375,8.625,8.875,9.125,9.375,9.375,9.375,9.375
1985Q1,GB_0,4.4,3.3,3.9,2.4,4.2,3.6,3.2,3.2,3.8,3.9,3.9,4.1,,10.1,7.1,1.6,3.9,3.8,3.6,3.5,3.3,2.8,2.4,2.7,2.8,,9.17758064516129,9.800952380952381,10.32,8.8,7.875,8.125,8.5,8.75,8.5,8.25,8.0,7.75,
1985Q1,GB_1,4.4,3.3,3.9,2.8,4.2,2.8,3.1,3.3,3.7,3.5,3.7,4.1,,10.1,7.1,1.6,4.9,3.1,3.5,3.3,3.3,2.4,2.4,2.8,2.6,,9.17758064516129,9.800952380952381,10.32,8.8,8.25,8.25,8.375,8.375,8.375,8.125,8.0,7.875,
1985Q2,GB_0,3.3,3.9,2.8,5.3,2.9,2.7,3.1,3.7,3.5,3.7,4.2,,,7.1,1.6,4.3,1.3,2.3,3.5,3.0,2.6,2.5,2.5,2.5,,,9.800952380952381,10.32,8.834426229508196,8.18,7.75,7.75,7.75,7.75,7.625,7.5,7.375,,
1985Q3,GB_0,3.9,2.8,5.4,2.9,2.8,3.2,3.6,3.6,3.8,4.1,,,,1.6,4.3,0.3,2.1,3.5,3.0,2.7,2.3,2.3,2.5,,,,10.32,8.834426229508196,8.175,7.5,7.25,7.25,7.25,7.25,7.25,7.25,,,
1985Q3,GB_1,3.9,2.8,5.4,2.8,2.8,3.1,3.7,3.7,3.8,4.1,,,,1.6,4.3,0.3,1.7,3.0,3.2,2.5,2.5,2.4,2.6,,,,10.32,8.834426229508196,8.175,7.46,7.25,7.25,7.25,7.25,7.25,7.25,,,
1985Q3,GB_2,3.9,2.8,5.4,2.6,3.1,2.7,3.0,4.3,4.3,4.5,,,,1.6,4.3,0.3,1.9,3.0,3.0,2.5,2.7,2.8,2.9,,,,10.32,8.834426229508196,8.175,7.46,7.125,7.25,7.125,7.0,7.0,7.0,,,
1985Q4,GB_0,2.8,5.4,2.6,3.3,3.3,3.5,3.7,3.7,4.0,,,,,4.3,0.3,1.9,3.3,2.6,2.1,2.2,2.4,2.8,,,,,8.834426229508196,8.175,7.468412698412698,7.11,7.25,6.875,6.625,6.5,6.5,,,,
1985Q4,GB_1,2.8,5.4,2.6,2.3,3.7,4.0,3.4,3.5,4.1,,,,,4.3,0.3,1.9,4.3,2.6,2.0,1.8,2.1,2.6,,,,,8.834426229508196,8.175,7.468412698412698,7.106031746031746,7.125,6.75,6.25,6.0,5.875,5.75,5.75,5.75,5.75
1986Q1,GB_0,3.0,3.3,2.9,3.3,4.0,3.4,3.0,3.1,3.7,3.6,3.9,4.3,,3.7,1.1,3.0,2.4,3.3,2.3,3.1,3.3,2.6,3.1,3.0,2.6,,8.175,7.468412698412698,7.106031746031746,7.17,7.125,6.75,6.625,6.375,6.25,6.125,6.125,6.125,
1986Q1,GB_1,3.0,3.3,2.9,3.3,3.3,2.9,2.4,2.9,3.6,3.6,3.9,4.3,,3.7,1.1,3.0,0.7,2.9,2.3,4.4,4.2,3.5,3.4,3.2,2.9,,8.175,7.468412698412698,7.106031746031746,7.17,7.025,6.625,6.5,6.375,6.375,6.5,6.75,6.875,
1986Q2,GB_0,3.3,2.9,3.3,2.5,2.1,2.2,2.8,3.3,3.3,3.6,3.9,,,1.1,3.0,0.7,3.2,2.1,4.4,4.4,3.6,3.3,3.2,3.1,,,7.468412698412698,7.106031746031746,7.163709677419354,6.9,6.125,6.25,6.5,6.75,6.75,6.875,6.875,,
1986Q3,GB_0,2.9,3.3,2.9,2.4,2.0,2.2,2.9,3.0,3.2,3.5,,,,3.0,0.7,2.9,1.5,2.7,3.7,3.4,3.2,3.0,3.0,,,,7.106031746031746,7.163709677419354,6.899666666666667,6.14,6.25,6.25,6.25,6.25,6.375,6.375,,,
1986Q3,GB_1,2.5,3.6,2.5,2.1,2.5,2.0,2.6,2.8,2.9,3.2,,,,4.1,2.1,3.8,1.1,2.5,3.6,3.3,3.2,3.2,3.2,,,,7.106031746031746,7.163709677419354,6.899666666666667,6.14,5.75,5.75,5.75,6.0,6.25,6.25,,,
1986Q3,GB_2,2.5,3.6,2.5,2.5,2.0,1.5,2.8,2.9,2.8,3.2,,,,4.1,2.1,3.8,0.6,3.0,3.8,2.9,3.0,3.0,3.0,,,,7.106031746031746,7.163709677419354,6.899666666666667,6.14,5.5,5.25,5.5,5.75,6.0,6.0,,,
1986Q4,GB_0,3.6,2.5,1.8,3.6,0.7,2.9,3.0,2.6,2.8,,,,,2.1,3.8,0.6,2.4,3.0,2.7,2.7,3.0,3.0,,,,,7.163709677419354,6.899666666666667,6.1371875,5.52,5.125,5.125,5.25,5.5,5.75,,,,
1986Q4,GB_1,3.6,2.5,1.8,3.6,0.8,2.8,2.7,2.6,2.6,,,,,2.1,3.8,0.6,2.9,3.1,2.4,2.7,2.9,3.0,,,,,7.163709677419354,6.899666666666667,6.1371875,5.5265625,5.25,5.25,5.25,5.375,5.375,5.5,5.625,5.75,5.75
1987Q1,GB_0,2.5,1.8,3.6,1.0,2.6,3.0,3.0,3.0,3.5,3.4,3.3,3.5,,3.8,0.6,2.8,1.7,2.2,2.8,2.9,3.0,2.7,2.6,2.6,2.7,,6.899666666666667,6.1371875,5.5265625,5.35,5.5,5.5,5.625,5.75,5.875,6.0,6.125,6.125,
1987Q1,GB_1,2.5,1.8,3.6,0.7,2.8,3.0,3.0,2.6,3.3,3.3,3.4,3.4,,3.8,0.6,2.8,1.1,3.2,2.6,2.6,2.8,2.6,2.6,2.8,2.7,,6.899666666666667,6.1371875,5.5265625,5.35,5.5,5.5,5.625,5.75,5.875,6.0,6.125,6.125,
1987Q2,GB_0,1.8,3.6,0.7,3.5,3.6,3.2,2.6,3.7,3.6,3.7,3.8,,,0.6,2.8,1.1,4.3,2.5,2.2,2.8,2.6,2.6,2.7,2.7,,,6.1371875,5.5265625,5.35258064516129,5.54,5.625,6.125,6.5,6.625,6.75,6.875,6.875,,
1987Q3,GB_0,3.6,0.7,4.2,3.8,3.2,2.8,3.8,3.6,3.9,4.0,,,,2.8,1.1,9.1,6.1,2.6,2.5,2.4,2.3,2.3,2.4,,,,5.5265625,5.35258064516129,5.538360655737704,5.66,6.125,6.625,7.0,7.375,7.625,7.625,,,
1987Q3,GB_1,3.6,0.7,4.2,3.8,3.7,2.9,4.0,4.1,4.1,4.3,,,,1.4,1.5,4.4,2.6,2.6,2.7,2.5,2.4,2.4,2.3,,,,5.5265625,5.35258064516129,5.538360655737704,5.66,5.875,6.375,6.875,7.25,7.625,7.625,,,
1987Q3,GB_2,3.6,0.7,4.2,3.8,3.3,2.6,4.0,4.2,4.2,4.4,,,,1.4,1.5,4.4,2.3,3.5,3.0,2.9,2.6,2.4,2.3,,,,5.5265625,5.35258064516129,5.538360655737704,5.66,6.0,6.75,7.125,7.5,7.625,7.625,,,
1987Q4,GB_0,0.7,4.2,3.5,2.4,2.6,4.0,3.8,4.1,4.2,,,,,1.5,4.4,2.5,3.8,2.2,0.8,1.4,2.6,2.9,,,,,5.35258064516129,5.538360655737704,5.654920634920635,6.04,5.75,5.0,5.0,5.375,5.875,,,,
1987Q4,GB_1,0.7,4.2,3.5,2.8,2.5,3.9,3.4,3.7,3.9,,,,,1.5,4.4,2.5,4.1,3.0,1.1,1.6,2.6,2.9,,,,,5.35258064516129,5.538360655737704,5.654920634920635,6.03671875,5.75,5.625,5.375,5.75,6.0,6.25,6.5,6.625,6.625
1988Q1,GB_0,4.2,3.5,2.8,2.7,3.4,3.5,3.5,3.8,3.9,3.9,3.8,3.8,,4.4,2.5,4.3,4.2,1.3,1.7,2.6,2.9,3.0,2.8,2.8,2.8,,5.538360655737704,5.654920634920635,6.03671875,5.86,5.75,5.5,5.625,6.0,6.25,6.5,6.75,6.875,
1988Q1,GB_1,4.2,3.5,2.8,2.7,3.4,3.1,3.8,3.8,4.0,4.1,3.9,3.9,,4.4,2.5,4.3,4.5,2.7,2.5,2.6,2.8,2.6,2.5,2.3,2.3,,5.538360655737704,5.654920634920635,6.03671875,5.86,5.75,5.875,6.125,6.5,6.875,7.0,7.0,7.0,
1988Q2,GB_0,3.5,2.8,2.7,2.4,3.6,4.1,4.0,4.2,3.9,3.7,3.6,,,2.5,4.3,4.8,2.3,3.5,2.4,2.3,1.9,1.9,2.0,1.9,,,5.654920634920635,6.03671875,5.869193548387097,5.77,6.375,6.875,7.125,7.75,8.125,8.0,7.75,,
1988Q2,GB_1,3.5,2.8,2.7,1.7,4.7,4.2,4.3,4.4,3.7,3.5,3.6,,,2.5,4.3,4.8,3.9,3.3,2.1,2.3,2.0,1.7,2.4,2.4,,,5.654920634920635,6.03671875,5.869193548387097,5.77,6.25,6.75,7.125,7.625,8.0,8.0,7.75,,
1988Q3,GB_0,3.1,2.4,1.7,4.1,4.0,4.2,4.0,3.8,3.7,3.6,,,,4.5,6.1,3.4,3.1,3.1,1.8,3.6,2.5,2.0,2.0,,,,6.03671875,5.869193548387097,5.723225806451612,6.21,7.0,7.625,8.375,8.625,8.625,8.625,,,
1988Q3,GB_1,3.1,2.4,1.7,5.1,3.8,4.4,3.9,3.8,3.6,3.4,,,,4.5,6.1,3.4,3.3,2.5,1.6,4.4,2.7,2.4,2.4,,,,6.03671875,5.869193548387097,5.723225806451612,6.21,7.0,7.625,8.375,8.625,8.625,8.625,,,
1988Q4,GB_0,2.4,1.7,5.5,4.4,5.0,3.9,3.8,3.6,3.5,,,,,6.1,3.4,3.0,2.2,1.6,4.8,2.8,2.4,2.3,,,,,5.869193548387097,5.723225806451612,6.216666666666666,7.0,7.375,7.75,8.125,8.5,8.625,,,,
1988Q4,GB_1,2.389992761059956,1.7,5.5,4.7,4.6,2.9,4.1,3.7,3.8,4.9,3.9,4.2,4.2,6.106113076107156,3.4,3.0,2.6,2.2,5.8,2.7,2.4,2.0,0.9,0.8,1.3,1.4,5.869193548387097,5.723225806451612,6.216666666666666,7.0,7.625,8.375,8.75,9.125,9.5,10.0,10.0,9.875,9.75
1989Q1,GB_0,1.7,5.5,4.7,4.7,3.9,4.4,3.7,4.0,4.8,4.3,4.3,4.3,,3.4,3.0,2.5,2.0,5.0,2.8,2.4,2.0,0.9,0.8,1.3,1.6,,5.723225806451612,6.216666666666666,7.01625,7.73,8.25,8.75,9.25,9.75,9.75,9.875,9.625,9.375,
1989Q1,GB_1,1.7,5.5,4.7,5.3,3.9,4.7,4.3,4.2,5.2,4.4,4.4,4.3,,3.4,3.0,2.5,2.0,5.2,3.0,2.0,1.6,0.4,0.8,1.2,1.7,,5.723225806451612,6.216666666666666,7.01625,7.73,8.5,9.125,9.5,9.75,9.375,9.0,9.125,9.125,
1989Q2,GB_0,5.5,4.7,5.3,3.9,4.8,4.1,3.9,5.1,4.5,4.5,4.3,,,3.0,2.5,2.4,5.5,2.3,2.0,1.6,1.2,0.6,1.0,1.6,,,6.216666666666666,7.01625,7.7308196721311475,8.54,8.625,9.0,9.375,9.25,9.0,8.875,8.875,,
1989Q2,GB_1,5.5,4.7,5.3,3.6,5.4,3.5,3.8,4.6,4.3,4.2,4.2,,,3.0,2.5,2.4,4.4,1.7,1.5,1.3,1.2,1.4,1.7,2.0,,,6.216666666666666,7.01625,7.7308196721311475,8.54,8.375,8.25,8.125,8.0,8.0,8.0,8.0,,
1989Q3,GB_0,4.4,4.7,4.0,4.9,3.4,3.7,4.6,4.2,4.1,3.9,,,,3.2,2.7,3.7,1.7,2.2,2.1,1.8,1.7,1.7,1.8,,,,7.01625,7.7308196721311475,8.546557377049181,8.41,7.875,8.0,8.125,8.125,8.125,8.125,8.25,8.375,8.5
1989Q3,GB_1,4.4,4.7,4.0,4.6,3.4,3.1,4.5,4.1,3.9,3.8,4.1,3.6,3.7,3.2,2.7,3.7,2.5,2.5,2.1,1.8,1.5,1.3,1.5,1.6,2.1,2.2,7.01625,7.7308196721311475,8.546557377049181,8.41,7.875,8.0,8.0,8.0,8.0,8.125,8.25,8.375,8.5
1989Q4,GB_0,4.7,4.0,4.6,2.9,3.2,4.2,4.1,3.9,3.7,4.4,3.7,3.6,3.6,2.7,3.7,2.5,2.5,1.7,2.2,1.3,1.5,1.5,1.7,2.1,2.2,2.3,7.7308196721311475,8.546557377049181,8.403125,7.84,7.625,7.5,7.5,7.75,8.0,8.375,8.5,8.5,8.5
1989Q4,GB_1,4.7,4.0,4.6,3.2,3.8,3.9,4.2,4.0,4.0,4.6,3.8,3.8,3.7,2.7,3.7,2.5,2.7,0.7,2.1,1.2,1.6,1.6,1.9,2.2,2.3,2.4,7.7308196721311475,8.546557377049181,8.403125,7.84,7.625,7.625,7.625,7.625,7.625,7.875,8.0,8.375,8.375
1990Q1,GB_0,3.950144971050107,4.574432080022817,3.2,3.5,4.6,3.6,4.2,3.8,4.6,4.0,3.9,3.8,,3.7,2.5,3.0,0.5,0.7,2.6,1.6,1.7,2.1,2.3,2.4,2.5,,8.546557377049181,8.403125,7.846984126984127,7.65,7.625,7.625,7.625,7.625,7.625,7.625,7.75,7.875,
1990Q1,GB_1,3.950144971050107,4.574432080022817,3.2,3.2,5.6,3.4,4.1,4.2,4.4,4.1,4.1,4.0,,3.7,2.5,3.0,0.9,2.0,2.6,1.7,1.7,1.7,1.8,2.2,2.2,,8.546557377049181,8.403125,7.846984126984127,7.65,7.75,7.75,7.875,8.25,8.625,8.625,8.625,8.5,
1990Q2,GB_0,4.574432080022817,3.2,3.2,5.7,4.4,3.8,4.1,4.6,4.0,3.8,3.7,,,2.5,3.0,1.1,2.1,2.2,2.0,1.8,1.5,1.1,1.4,1.7,,,8.403125,7.846984126984127,7.651451612903226,7.76,7.75,8.0,8.625,9.25,9.25,8.875,8.5,,
1990Q2,GB_1,4.574432080022817,3.2,3.2,5.4,4.3,3.9,3.6,4.7,4.2,3.9,3.7,,,2.5,3.0,1.1,1.9,1.3,1.6,1.6,1.8,2.1,2.3,2.4,,,8.403125,7.846984126984127,7.651451612903226,7.76,7.75,7.75,7.625,7.625,7.625,7.625,7.625,7.625,7.625
1990Q3,GB_0,3.2,3.8,4.8,4.4,4.6,3.4,4.9,4.6,4.0,3.8,4.6,3.8,3.8,1.7,0.3,1.7,1.2,1.2,0.5,1.3,2.0,2.3,2.4,2.4,2.4,2.5,7.846984126984127,7.651451612903226,7.763548387096774,7.75,7.5,7.375,7.375,7.375,7.375,7.375,7.375,7.375,7.375
1990Q3,GB_1,3.2,3.8,4.8,4.7,4.2,3.6,5.5,5.0,4.5,4.5,4.6,4.0,3.9,1.7,0.3,1.7,0.4,1.4,-1.0,-0.4,2.0,2.3,2.4,2.5,2.5,2.5,7.846984126984127,7.651451612903226,7.763548387096774,7.75,7.5,7.375,7.375,7.375,7.375,7.375,7.25,7.25,7.125
1990Q4,GB_0,3.8,4.8,4.7,3.4,3.6,5.6,4.6,4.1,3.5,4.0,3.6,3.6,3.4,0.3,1.7,0.4,1.8,-2.1,-1.1,1.4,2.2,2.4,2.5,2.5,2.5,2.5,7.651451612903226,7.763548387096774,7.746666666666667,7.48,7.125,7.0,7.0,7.0,7.0,7.0,6.875,6.75,6.625
1990Q4,GB_1,3.8,4.8,4.7,4.0,4.1,5.2,4.0,3.5,3.4,3.7,3.5,3.4,3.3,0.3,1.7,0.4,1.7,-3.1,-0.9,3.2,2.5,2.3,2.4,2.4,2.4,2.4,7.651451612903226,7.763548387096774,7.746666666666667,7.48,7.0,6.75,6.75,6.75,6.75,6.75,6.75,6.75,6.75
1991Q1,GB_0,4.8,4.7,3.7,2.8,4.7,3.8,3.7,3.5,3.9,3.4,3.4,3.3,,1.7,0.4,1.4,-2.1,-1.5,2.8,3.1,3.1,2.8,2.6,2.5,2.4,,7.763548387096774,7.746666666666667,7.477142857142857,6.99,6.25,6.125,6.25,6.25,6.25,6.25,6.25,6.25,
1991Q1,GB_1,4.8,4.7,3.7,2.8,4.5,3.7,3.5,3.3,3.6,3.0,2.9,2.8,,1.7,0.4,1.4,-2.0,-2.4,1.9,3.9,3.8,3.0,2.9,2.6,2.6,,7.763548387096774,7.746666666666667,7.477142857142857,6.99,6.0,5.75,5.75,5.75,5.75,5.75,5.75,5.75,
1991Q2,GB_0,4.7,3.7,2.8,5.5,3.1,3.3,3.2,3.6,2.9,2.6,2.4,,,0.4,1.4,-1.6,-2.8,-0.2,4.1,4.0,3.5,3.1,2.8,2.6,,,7.746666666666667,7.477142857142857,6.99483870967742,6.02,5.5,5.5,5.625,5.625,5.5,5.375,5.375,,
1991Q2,GB_1,4.7,3.7,2.8,5.2,3.0,3.2,3.3,3.8,3.2,3.0,3.0,,,0.4,1.4,-1.6,-2.8,0.2,4.8,4.1,3.3,2.7,2.6,2.5,,,7.746666666666667,7.477142857142857,6.99483870967742,6.02,5.5,5.625,5.625,5.625,5.5,5.375,5.375,5.375,5.375
1991Q3,GB_0,3.7,2.8,5.2,3.9,2.0,3.3,3.8,3.4,2.9,2.8,3.3,2.7,2.5,1.4,-1.6,-2.8,0.4,2.9,3.6,3.9,3.1,2.8,2.7,3.0,2.8,2.9,7.477142857142857,6.99483870967742,6.028666666666667,5.56,5.375,5.375,5.375,5.375,5.375,5.375,5.375,5.375,5.375
1991Q3,GB_1,3.7,2.8,5.2,4.2,1.6,2.5,3.5,3.1,2.8,2.6,3.3,2.6,2.5,1.4,-1.6,-2.8,-0.1,2.8,3.2,3.6,3.5,3.4,3.1,3.1,3.0,3.2,7.477142857142857,6.99483870967742,6.028666666666667,5.56,5.375,5.125,5.125,5.125,5.125,5.125,5.125,5.125,5.125
1991Q4,GB_0,2.8,5.2,4.5,1.8,2.2,3.7,2.9,2.7,2.6,3.2,2.6,2.5,2.5,-1.6,-2.8,-0.5,2.4,1.2,1.8,3.0,3.8,3.9,3.5,3.2,3.3,3.0,6.99483870967742,6.028666666666667,5.5603125,5.37,4.875,4.5,4.5,4.5,4.5,4.5,4.5,4.5,4.5
1991Q4,GB_1,3.2,5.0,3.1,2.1,2.9,4.1,2.9,2.7,2.6,3.1,2.5,2.4,2.4,-3.9,-2.5,1.4,1.7,-0.2,-0.8,2.6,2.6,3.2,3.4,3.4,3.5,3.5,6.99483870967742,6.028666666666667,5.5603125,5.37,4.625,4.125,4.25,4.25,4.25,4.25,4.25,4.25,4.25
1992Q1,GB_0,5.0,3.1,2.1,1.7,3.8,2.9,2.5,2.3,2.9,2.4,2.2,2.3,,-2.5,1.4,1.8,0.3,0.4,1.9,2.9,3.3,3.7,3.5,3.4,3.2,,6.028666666666667,5.5603125,5.379375,4.54,3.75,3.75,3.75,3.75,3.75,3.75,3.75,3.75,
1992Q1,GB_1,5.0,3.1,2.1,1.7,3.2,2.7,2.6,2.5,3.0,2.4,2.3,2.3,,-2.5,1.4,1.8,0.8,1.6,2.9,3.1,3.2,3.0,2.9,2.8,2.7,,6.028666666666667,5.5603125,5.379375,4.54,3.875,3.875,3.875,3.875,3.75,3.75,3.75,3.75,
1992Q2,GB_0,3.1,2.1,1.7,3.1,2.7,2.8,2.7,3.0,2.5,2.4,2.3,,,1.4,1.8,0.4,2.0,2.0,3.1,3.1,2.9,2.9,2.8,2.8,,,5.5603125,5.379375,4.549032258064517,3.89,3.625,3.625,3.625,3.625,3.625,3.625,3.625,,
1992Q2,GB_1,3.1,2.1,1.7,3.1,2.7,2.5,2.8,3.2,2.5,2.5,2.4,,,1.4,1.8,0.4,2.7,2.0,2.3,2.7,2.8,2.9,3.1,3.2,,,5.5603125,5.379375,4.549032258064517,3.89,3.625,3.625,3.625,3.625,3.625,3.625,3.625,,
1992Q3,GB_0,2.4,2.4,3.1,2.4,1.6,2.9,2.9,2.3,2.3,2.1,2.6,2.0,1.9,1.2,0.6,2.9,1.4,1.7,2.5,2.8,3.0,3.2,3.2,3.2,3.0,3.0,5.379375,4.549032258064517,3.8988709677419355,3.68,3.125,3.125,3.125,3.125,3.125,3.125,3.25,3.375,3.5
1992Q3,GB_1,2.4,2.4,3.1,2.7,2.5,2.1,2.7,2.2,2.0,1.8,2.2,1.7,1.5,1.2,0.6,2.9,1.5,1.9,1.2,2.0,2.5,2.9,3.3,3.5,3.3,3.1,5.379375,4.549032258064517,3.8988709677419355,3.68,3.125,2.875,2.875,2.875,2.875,2.875,3.125,3.25,3.5
1992Q4,GB_0,2.4,3.1,2.7,1.8,2.4,2.8,2.2,2.0,1.7,2.0,1.5,1.4,1.3,0.6,2.9,1.5,2.7,2.0,2.0,2.0,2.5,2.9,3.1,3.2,3.2,3.3,4.549032258064517,3.8988709677419355,3.67984126984127,3.08,2.875,2.875,2.875,2.875,2.875,3.0,3.125,3.25,3.375
1992Q4,GB_1,2.4,3.1,2.7,1.7,2.8,3.2,2.2,2.4,2.2,2.5,2.1,1.9,1.8,0.6,2.9,1.5,3.9,3.3,2.7,2.7,2.7,2.6,2.7,2.7,3.0,3.0,4.549032258064517,3.8988709677419355,3.67984126984127,3.08,3.0,3.0,3.0,3.0,3.125,3.125,3.375,3.5,3.625
1993Q1,GB_0,3.1,2.7,1.8,1.8,3.4,2.2,2.2,2.1,2.3,2.0,1.8,1.7,,2.9,1.5,3.4,3.8,2.7,2.9,2.9,2.9,2.9,3.0,3.0,3.1,,3.8988709677419355,3.67984126984127,3.08359375,3.07,3.0,3.0,3.0,3.0,3.0,3.0,3.125,3.375,
1993Q1,GB_1,3.1,2.7,1.8,2.2,3.5,2.6,2.2,2.2,2.2,2.2,2.3,2.1,,2.9,1.5,3.4,4.8,3.0,2.7,2.8,2.9,2.9,2.9,2.9,2.9,,3.8988709677419355,3.67984126984127,3.08359375,3.07,3.0,3.0,3.0,3.0,3.0,3.0,3.125,3.25,
1993Q2,GB_0,2.7,1.8,2.3,3.3,2.2,2.2,2.4,2.4,2.4,2.5,2.2,,,1.5,3.4,4.7,1.8,2.0,2.5,2.6,2.7,2.7,2.7,2.7,,,3.67984126984127,3.08359375,3.0701612903225803,2.96,2.875,3.0,3.0,3.0,3.0,3.125,3.25,,
1993Q2,GB_1,2.69799362110259,1.8,2.3,3.5,2.6,2.2,2.9,2.6,2.5,2.3,2.2,,,1.5,3.4,4.7,0.7,2.5,2.2,2.5,2.5,2.6,2.6,2.7,,,3.67984126984127,3.08359375,3.0701612903225803,2.96,3.0,3.0,3.0,3.0,3.0,3.125,3.375,,
1993Q3,GB_0,1.8,2.3,3.5,2.4,2.5,3.0,2.5,2.6,2.3,2.2,,,,3.4,4.7,0.7,1.6,2.3,2.4,2.8,2.3,2.4,2.4,,,,3.08359375,3.0701612903225803,2.96,2.97,3.0,3.0,3.0,3.0,3.0,3.0,,,
1993Q3,GB_1,1.2,3.3,3.6,2.3,2.3,2.3,2.3,2.3,2.1,2.0,,,,3.4,5.7,0.8,1.8,1.2,3.4,3.0,2.3,2.4,2.4,,,,3.08359375,3.0701612903225803,2.96,2.97,3.0,3.0,3.0,3.0,3.0,3.0,3.1,3.3,3.5
1993Q4,GB_0,3.3,3.6,2.3,1.5,2.5,2.6,2.5,2.1,2.0,2.3,2.0,1.9,1.9,5.7,0.8,1.9,2.8,4.0,2.7,2.3,2.4,2.4,2.5,2.5,2.5,2.5,3.0701612903225803,2.96,2.967619047619048,3.0,3.0,3.0,3.0,3.0,3.1,3.3,3.5,3.7,3.9
1993Q4,GB_1,3.3,3.6,2.3,1.6,2.3,2.7,2.6,2.4,2.1,2.4,2.1,2.0,2.0,5.7,0.8,1.9,2.7,5.0,3.6,2.0,2.5,2.5,2.5,2.5,2.5,2.5,3.0701612903225803,2.96,2.967619047619048,3.0,3.1,3.0,3.0,3.0,3.2,3.5,3.8,4.1,4.3
1994Q1,GB_0,3.6,2.3,1.5,1.4,3.0,2.3,2.2,2.1,2.6,2.1,1.9,1.9,,0.8,1.9,2.9,5.9,4.0,3.0,2.5,2.4,2.4,2.4,2.5,2.5,,2.96,2.967619047619048,3.00125,3.06,3.0,3.0,3.2,3.6,3.8,3.9,4.1,4.2,
1994Q1,GB_1,3.6,2.3,1.5,1.2,2.5,2.5,2.3,2.2,2.8,2.2,2.0,1.9,,0.8,1.9,2.9,7.5,3.2,2.5,2.7,2.4,2.3,2.3,2.4,2.4,,2.96,2.967619047619048,3.00125,3.06,3.2,3.4,3.7,4.0,4.0,4.0,4.1,4.2,
1994Q2,GB_0,2.2902957472215046,1.5,1.4,2.5,1.9,2.3,2.2,2.5,2.0,1.9,1.9,,,1.9,2.9,7.0,2.6,4.2,2.7,2.1,2.2,2.2,2.3,2.4,,,2.967619047619048,3.00125,3.0593548387096776,3.24,4.0,4.5,4.5,4.5,4.4,4.4,4.4,,
1994Q2,GB_1,2.2902957472215046,1.5,1.4,2.6,2.4,2.2,2.3,2.8,2.3,2.2,2.1,,,1.9,2.9,7.0,3.4,3.5,2.9,2.4,2.0,2.2,2.3,2.4,,,2.967619047619048,3.00125,3.0593548387096776,3.24,4.0,4.5,5.0,5.2,5.2,5.2,5.2,,
1994Q3,GB_0,1.1,1.3,2.7,3.0,1.5,2.5,2.6,2.1,2.1,2.0,,,,2.7,6.3,3.3,3.7,2.8,2.3,1.9,2.1,2.2,2.3,,,,3.00125,3.0593548387096776,3.2564516129032257,3.99,4.4,4.8,5.2,5.2,5.2,5.2,,,
1994Q3,GB_1,1.1,1.3,2.7,3.0,1.7,2.7,3.0,2.3,2.4,2.3,2.5,2.3,2.2,2.7,6.3,3.3,3.8,3.0,2.8,1.9,1.7,1.8,2.0,2.2,2.3,2.3,3.00125,3.0593548387096776,3.2564516129032257,3.99,4.5,4.9,5.5,5.7,5.5,5.4,5.4,5.3,5.2
1994Q4,GB_0,1.3,2.9,2.9,1.6,2.0,3.1,2.8,2.6,2.4,2.6,2.3,2.3,2.3,6.3,3.3,4.1,3.4,4.1,2.5,1.4,1.0,1.5,1.8,2.2,2.3,2.4,3.0593548387096776,3.2564516129032257,3.999032258064516,4.48,4.9,5.9,6.2,6.2,5.9,5.9,5.7,5.7,5.7
1994Q4,GB_1,1.3,2.9,2.9,1.9,1.7,3.1,2.6,2.5,2.4,2.7,2.5,2.5,2.5,6.3,3.3,4.1,3.9,5.0,3.0,2.0,1.3,1.2,1.4,1.8,2.0,2.1,3.0593548387096776,3.2564516129032257,3.999032258064516,4.48,5.3,6.1,6.7,6.6,6.3,6.1,6.1,6.1,6.1
1995Q1,GB_0,2.9,2.9,1.9,1.8,3.1,2.4,2.3,2.3,2.6,2.4,2.5,2.5,,3.3,4.1,4.0,5.0,3.2,2.0,1.7,1.7,2.0,2.5,2.6,2.6,,3.2564516129032257,3.999032258064516,4.48046875,5.28,5.5,5.4,5.4,5.4,5.4,5.5,5.5,5.5,
1995Q1,GB_1,2.9,2.9,1.9,1.3,3.3,2.4,2.2,2.2,2.6,2.4,2.4,2.4,,3.3,4.1,4.0,5.6,2.5,1.7,2.1,2.3,2.3,2.4,2.3,2.2,,3.2564516129032257,3.999032258064516,4.48046875,5.28,5.7,5.7,5.8,5.8,5.8,5.8,5.8,5.8,
1995Q2,GB_0,2.9,1.9,1.3,2.2,2.7,2.6,2.4,2.7,2.4,2.4,2.3,,,4.1,4.0,5.1,2.8,0.9,1.9,2.8,2.1,2.4,2.5,2.4,,,3.999032258064516,4.48046875,5.282295081967213,5.74,5.7,5.8,5.8,5.8,5.8,5.8,5.8,,
1995Q2,GB_1,2.9,1.9,1.3,2.2,2.2,2.8,2.3,2.4,2.2,2.2,2.1,,,4.1,4.0,5.1,2.7,-0.5,1.1,3.4,2.1,2.1,2.3,2.4,,,3.999032258064516,4.48046875,5.282295081967213,5.74,5.6,5.7,5.8,5.8,5.6,5.4,5.4,,
1995Q3,GB_0,1.9,1.3,2.2,1.3,2.5,2.4,2.4,2.0,2.0,2.0,,,,4.0,5.1,2.7,0.5,2.2,2.9,2.3,2.3,2.3,2.3,,,,4.48046875,5.282295081967213,5.735322580645161,5.6,5.4,5.5,5.5,5.5,5.5,5.5,,,
1995Q3,GB_1,1.9,1.3,2.2,1.6,2.7,2.6,2.8,2.1,1.8,1.9,2.1,1.9,1.8,4.0,5.1,2.7,1.1,2.2,2.5,2.3,2.2,2.2,2.1,2.0,2.0,2.0,4.48046875,5.282295081967213,5.735322580645161,5.6,5.4,5.4,5.4,5.4,5.4,5.3,5.3,5.3,5.3
1995Q4,GB_0,1.3,2.2,1.6,0.5,2.1,2.5,2.2,2.1,1.9,2.1,1.9,1.9,1.8,5.1,2.7,1.3,4.1,2.6,2.7,2.7,2.1,2.7,2.5,2.9,1.9,2.0,5.282295081967213,5.735322580645161,5.594285714285714,5.37,5.4,5.5,5.5,5.5,5.5,5.5,5.5,5.5,5.5
1995Q4,GB_1,1.3,2.2,1.6,0.5,1.9,2.6,2.2,2.0,1.9,2.1,1.9,1.9,1.7,5.1,2.7,1.3,5.4,1.9,2.5,2.4,2.0,2.9,2.5,2.7,2.1,2.4,5.282295081967213,5.735322580645161,5.594285714285714,5.37,5.3,5.4,5.5,5.5,5.5,5.5,5.5,5.4,5.3
1996Q1,GB_0,3.2,2.3,2.4,2.6,3.4,2.4,2.6,2.4,2.7,2.5,2.6,2.5,,0.6,0.5,3.2,1.9,0.8,2.0,2.0,2.5,1.9,2.1,1.6,2.3,,5.735322580645161,5.594285714285714,5.367777777777778,5.26,5.1,5.2,5.2,5.2,5.2,5.2,5.2,5.2,
1996Q1,GB_1,3.2,2.3,2.2,1.8,3.0,2.4,2.5,2.5,2.8,2.7,2.5,2.7,,0.6,0.5,3.6,0.3,1.5,3.4,1.8,2.3,2.1,2.1,1.8,2.3,,5.735322580645161,5.594285714285714,5.367777777777778,5.26,4.9,5.0,5.0,5.0,5.0,5.0,5.0,5.0,
1996Q2,GB_0,2.5,2.2,2.2,2.5,2.5,3.2,2.9,3.1,2.8,2.9,2.9,,,0.5,3.6,0.5,2.5,3.5,2.0,1.9,2.3,2.1,1.8,2.4,,,5.594285714285714,5.367777777777778,5.261290322580645,4.93,5.0,5.0,5.0,5.0,5.0,5.0,5.0,,
1996Q2,GB_1,2.5,2.2,2.2,2.3,2.1,2.6,2.7,2.8,2.8,2.8,2.7,,,0.5,3.6,0.5,2.2,3.8,2.3,1.9,2.1,2.2,2.0,2.3,,,5.594285714285714,5.367777777777778,5.261290322580645,4.93,5.0,5.0,5.0,5.0,5.0,5.0,5.0,,
1996Q3,GB_0,2.1,2.1,2.3,2.2,2.3,3.0,3.0,2.8,2.8,2.8,,,,3.8,0.3,2.0,3.7,2.6,2.0,2.0,2.1,2.2,2.2,,,,5.367777777777778,5.261290322580645,4.930161290322581,5.02,5.1,5.0,5.0,5.0,5.0,5.0,5.0,5.0,5.0
1996Q3,GB_1,2.1,2.1,2.3,2.2,2.1,2.6,3.0,2.7,2.6,2.7,2.9,2.7,2.8,3.8,0.3,2.0,4.7,2.4,2.2,2.1,2.1,2.2,2.2,2.1,2.1,2.1,5.367777777777778,5.261290322580645,4.930161290322581,5.02,5.1,5.0,5.0,5.0,5.0,5.0,5.0,5.0,5.0
1996Q4,GB_0,2.1,2.3,2.2,1.9,2.5,2.9,2.4,2.4,2.4,2.7,2.5,2.7,2.7,0.3,2.0,4.7,2.5,1.8,2.4,2.2,2.2,2.1,2.1,2.1,2.1,2.1,5.261290322580645,4.930161290322581,5.018125,5.1,5.0,5.0,5.0,5.0,5.0,5.0,5.0,5.0,5.0
1996Q4,GB_1,2.1,2.3,2.2,1.9,2.5,3.2,2.3,2.3,2.3,2.6,2.5,2.6,2.7,0.3,2.0,4.7,2.3,2.3,2.1,2.3,2.3,2.2,2.1,1.9,1.9,1.9,5.261290322580645,4.930161290322581,5.018125,5.1,4.95,4.9,4.9,4.9,4.9,4.9,4.9,4.9,4.9
1997Q1,GB_0,2.3,2.2,2.0,2.5,3.2,2.7,2.2,2.3,2.8,2.7,2.8,2.9,,2.0,4.7,2.1,3.5,1.7,2.4,2.4,2.4,2.2,2.1,2.1,2.0,,4.930161290322581,5.018125,5.09640625,4.98,5.0,5.0,5.0,5.0,5.0,5.0,5.0,5.0,
1997Q1,GB_1,2.3,2.2,2.0,1.8,3.1,2.5,2.2,2.2,2.7,2.8,2.9,2.9,,2.0,4.7,2.1,4.3,3.4,2.9,2.5,2.4,2.3,2.1,2.0,2.0,,4.930161290322581,5.018125,5.09640625,4.98,5.0,5.0,5.0,5.0,5.05,5.3,5.55,5.75,
1997Q2,GB_0,2.2,2.0,1.9,2.8,2.1,2.3,2.4,2.6,2.7,2.7,2.7,,,4.7,2.1,3.8,6.0,1.8,2.5,2.3,2.1,2.0,1.9,1.9,,,5.018125,5.09640625,4.973548387096774,5.06,5.1,5.15,5.2,5.25,5.3,5.55,5.75,,
1997Q2,GB_1,2.2,2.0,1.9,2.8,1.9,2.1,2.2,2.5,2.5,2.6,2.6,,,4.7,2.1,3.8,5.8,2.2,2.9,2.8,2.5,2.3,2.0,1.8,,,5.018125,5.09640625,4.973548387096774,5.06,5.05,5.05,5.15,5.2,5.3,5.55,5.7,,
1997Q3,GB_0,2.7,1.9,2.4,1.5,1.9,2.1,2.3,2.3,2.3,2.4,,,,1.0,4.3,4.9,2.6,2.2,2.4,2.3,2.1,1.9,1.7,,,,5.09640625,4.973548387096774,5.0616666666666665,5.01,5.1,5.15,5.2,5.3,5.55,5.7,5.7,5.7,5.7
1997Q3,GB_1,2.7,1.9,2.4,1.6,1.5,2.0,2.2,2.1,2.0,2.0,2.4,2.1,2.1,1.0,4.3,4.9,3.6,2.8,3.0,3.0,2.6,1.9,1.5,1.5,1.4,1.4,5.09640625,4.973548387096774,5.0616666666666665,5.01,5.05,5.05,5.2,5.45,5.85,6.1,6.1,6.1,6.1
1997Q4,GB_0,1.9,2.4,1.8,1.4,1.7,2.2,2.0,2.0,2.0,2.3,2.1,2.1,2.1,4.3,4.9,3.3,3.5,3.5,2.7,2.5,2.0,1.7,1.5,1.5,1.4,1.4,4.973548387096774,5.0616666666666665,5.04890625,5.05,5.0,5.15,5.35,5.8,5.8,5.8,5.75,5.75,5.6
1997Q4,GB_1,1.9,2.4,1.8,1.5,1.9,2.2,1.7,1.6,1.8,2.0,1.8,1.8,1.9,4.3,4.9,3.3,3.4,3.9,2.0,1.7,1.6,1.4,1.2,1.3,1.4,1.5,4.973548387096774,5.0616666666666665,5.04890625,5.05,5.05,5.1,5.05,5.1,5.1,5.1,5.05,5.1,5.1
1998Q1,GB_0,2.4,1.8,1.4,1.9,1.8,1.6,1.6,1.7,1.9,1.6,1.7,1.7,,4.9,3.3,3.1,3.9,2.7,1.0,1.5,1.7,1.8,1.9,2.0,2.1,,5.0616666666666665,5.04890625,5.0490625,5.09,5.1,5.05,5.1,5.1,5.1,5.05,5.1,5.1,
1998Q1,GB_1,2.4,1.8,1.4,1.5,1.4,1.5,1.8,1.8,2.0,1.7,1.7,1.7,,4.9,3.3,3.1,3.9,3.1,2.1,2.0,2.0,2.0,2.1,2.2,2.3,,5.0616666666666665,5.04890625,5.0490625,5.09,5.05,5.0,5.1,5.1,5.1,5.05,5.1,5.1,
1998Q2,GB_0,1.8,1.4,1.4,0.9,1.6,1.7,1.7,1.9,1.6,1.6,1.6,,,3.3,3.1,3.7,5.2,2.5,1.8,1.8,2.0,2.2,2.3,2.4,,,5.04890625,5.0490625,5.089516129032258,5.05,4.95,5.0,5.05,5.1,5.05,5.1,5.1,,
1998Q2,GB_1,1.8,1.4,1.4,1.0,1.7,1.6,1.7,1.9,1.6,1.6,1.7,,,3.3,3.1,3.7,5.4,2.0,2.0,1.7,1.5,1.8,2.2,2.3,,,5.04890625,5.0490625,5.089516129032258,5.05,5.0,5.0,5.05,5.1,5.05,5.1,5.1,,
1998Q3,GB_0,1.2,1.1,0.9,0.9,1.4,1.4,1.7,1.4,1.4,1.4,,,,4.2,3.0,5.5,1.3,2.2,2.5,1.2,1.4,1.8,2.2,,,,5.0490625,5.089516129032258,5.050327868852459,4.98,4.95,5.0,5.0,4.95,5.0,5.0,5.0,4.95,5.0
1998Q3,GB_1,1.2,1.1,0.9,0.8,1.5,1.0,1.8,1.4,1.4,1.4,1.6,1.4,1.4,4.2,3.0,5.5,1.9,2.6,2.6,0.9,0.9,1.4,1.9,1.3,2.9,2.7,5.0490625,5.089516129032258,5.050327868852459,4.98,4.85,4.5,4.4,4.3,4.35,4.4,4.4,4.4,4.4
1998Q4,GB_0,1.1,0.9,0.9,0.8,1.1,1.7,1.3,1.5,1.4,1.9,1.5,1.5,1.5,3.0,5.5,1.8,3.6,2.1,1.4,1.4,1.5,1.9,0.9,2.9,2.6,2.7,5.089516129032258,5.050327868852459,4.974126984126984,4.82,4.25,4.25,4.25,4.35,4.4,4.4,4.4,4.4,4.4
1998Q4,GB_1,1.1,0.9,0.9,0.8,1.0,1.9,1.3,1.4,1.4,2.0,1.6,1.6,1.6,3.0,5.5,1.8,3.8,3.1,2.5,1.7,1.8,2.2,0.9,2.8,2.6,2.7,5.089516129032258,5.050327868852459,4.974126984126984,4.82,4.25,4.35,4.25,4.35,4.4,4.4,4.4,4.4,4.4
1999Q1,GB_0,0.9,0.9,1.0,1.0,1.7,1.4,1.5,1.5,2.2,1.8,1.8,1.8,,5.5,1.8,3.7,5.0,2.7,2.4,2.2,2.9,1.0,3.0,2.4,2.9,,5.050327868852459,4.974126984126984,4.82625,4.25,4.25,4.2,4.3,4.4,4.4,4.4,4.4,4.4,
1999Q1,GB_1,0.9,0.9,1.0,0.8,1.6,1.4,1.5,1.4,2.1,1.7,1.8,1.8,,5.5,1.8,3.7,5.9,3.4,3.2,2.3,3.0,0.7,3.6,2.2,2.2,,5.050327868852459,4.974126984126984,4.82625,4.25,4.4,4.3,4.35,4.35,4.35,4.3,4.35,4.35,
1999Q2,GB_0,0.9,1.0,0.8,1.5,1.4,1.5,1.5,1.8,1.6,1.6,1.6,,,1.8,3.7,6.0,4.1,3.4,2.8,3.7,0.1,4.2,3.1,3.0,,,4.974126984126984,4.82625,4.252741935483871,4.41,4.4,4.4,4.3,4.4,4.5,4.75,4.8,,
1999Q2,GB_1,0.9,1.0,0.8,1.5,1.7,1.3,1.6,2.1,1.6,1.7,1.7,,,1.8,3.7,6.0,4.5,2.9,3.5,3.7,0.1,4.4,2.9,3.0,,,4.974126984126984,4.82625,4.252741935483871,4.41,4.45,4.5,4.65,4.8,4.75,4.85,4.9,,
1999Q3,GB_0,1.0,0.8,1.6,1.6,1.4,1.6,2.2,1.8,1.9,1.9,,,,3.7,6.0,4.3,1.9,3.5,4.1,0.4,4.4,3.2,3.1,,,,4.82625,4.252741935483871,4.407213114754098,4.45,4.6,4.7,4.8,5.05,5.1,5.15,,,
1999Q3,GB_1,1.0,0.8,1.6,1.6,1.1,1.4,2.3,1.9,1.9,1.9,2.3,2.0,2.0,3.7,6.0,4.3,1.8,4.4,4.5,0.9,4.5,3.2,2.9,2.8,2.8,2.8,4.82625,4.252741935483871,4.407213114754098,4.45,4.65,4.65,4.75,5.05,5.1,5.25,5.35,5.35,5.4
1999Q4,GB_0,0.9,2.0,1.3,1.0,1.7,2.1,1.7,1.7,1.7,2.1,1.8,1.8,1.8,5.9,3.7,1.9,5.4,4.1,1.5,5.0,3.8,3.6,3.5,3.5,3.5,3.5,4.252741935483871,4.407213114754098,4.45015625,4.65,4.9,4.9,5.05,5.1,5.25,5.35,5.35,5.4,5.45
1999Q4,GB_1,0.9,2.0,1.3,1.2,1.7,2.1,1.6,1.7,1.6,2.1,1.8,1.9,1.8,5.9,3.7,1.9,5.6,4.8,3.2,4.3,3.8,3.8,3.8,3.8,3.8,3.8,4.252741935483871,4.407213114754098,4.45015625,4.65,5.0,5.25,5.4,5.6,5.75,5.8,5.8,5.8,5.85
2000Q1,GB_0,2.0,1.3,1.1,1.6,2.1,1.8,1.9,1.8,2.1,1.7,1.8,1.8,,3.7,1.9,5.7,5.2,4.0,4.2,4.1,3.9,3.8,3.8,3.8,3.9,,4.407213114754098,4.45015625,4.650625,5.04,5.3,5.6,5.95,6.3,6.3,6.25,6.3,6.35,
2000Q1,GB_1,2.0,1.3,1.1,2.0,2.9,2.6,1.6,1.7,2.0,1.8,1.9,1.9,,3.7,1.9,5.7,7.0,4.3,4.9,3.8,3.8,3.7,3.6,3.7,3.7,,4.407213114754098,4.45015625,4.650625,5.04,5.5,5.75,6.2,6.55,6.55,6.5,6.55,6.6,
2000Q2,GB_0,1.3,1.1,2.0,2.6,2.7,1.9,1.8,2.1,1.9,2.0,2.0,,,1.9,5.7,7.3,4.9,5.3,4.1,4.0,3.6,3.6,3.6,3.6,,,4.45015625,4.650625,5.047580645161291,5.52,5.75,6.35,6.75,6.75,6.75,6.8,6.8,,
2000Q2,GB_1,1.3,1.1,2.0,2.7,2.6,2.3,1.7,2.0,1.8,1.8,1.9,,,1.9,5.7,7.3,5.5,4.1,3.8,3.8,3.5,3.5,3.5,3.5,,,4.45015625,4.650625,5.047580645161291,5.52,5.7,6.15,6.75,6.75,6.75,6.8,6.8,,
2000Q3,GB_0,1.1,1.6,3.3,2.5,1.5,1.6,2.2,1.7,1.8,1.8,,,,5.7,8.3,4.8,4.9,3.2,3.8,3.9,4.0,4.1,4.2,,,,4.650625,5.047580645161291,5.528730158730159,5.71,6.05,6.05,6.2,6.45,6.7,6.8,,,
2000Q3,GB_1,1.1,1.6,3.3,2.6,1.8,2.0,2.3,1.8,1.8,1.8,2.2,1.8,1.8,5.7,8.3,4.8,5.2,3.0,3.7,3.8,3.9,4.0,4.2,4.3,4.3,4.3,4.650625,5.047580645161291,5.528730158730159,5.71,6.0,6.0,6.0,6.0,6.15,6.3,6.5,6.7,6.75
2000Q4,GB_0,1.6,3.3,2.4,2.0,2.2,2.4,1.7,1.7,1.8,2.1,1.8,1.8,1.8,8.3,4.8,5.6,2.6,3.5,3.6,3.6,3.7,3.9,3.9,4.0,4.1,4.2,5.047580645161291,5.528730158730159,5.714444444444444,6.0,6.1,6.1,6.1,6.1,6.2,6.35,6.5,6.6,6.6
2000Q4,GB_1,1.6,3.3,2.4,1.9,2.3,2.7,1.8,1.6,1.7,2.1,1.7,1.7,1.7,8.3,4.8,5.6,2.3,2.4,2.2,3.1,3.3,3.6,3.7,3.8,3.9,4.0,5.047580645161291,5.528730158730159,5.714444444444444,6.0,6.1,6.1,6.1,6.1,6.1,6.1,6.1,6.1,6.1
2001Q1,GB_0,3.3,2.4,1.6,2.0,3.0,1.8,1.6,1.6,1.9,1.6,1.6,1.6,,4.8,5.6,2.2,2.0,-0.5,1.3,2.6,3.6,3.7,3.7,3.8,4.0,,5.528730158730159,5.714444444444444,6.0193650793650795,6.0,5.3,5.25,5.25,5.25,5.25,5.25,5.25,5.25,
2001Q1,GB_1,3.3,2.4,1.6,1.9,3.4,1.3,1.6,1.7,1.9,1.6,1.6,1.6,,4.8,5.6,2.2,1.0,0.8,1.3,2.4,3.3,3.5,3.6,3.7,3.9,,5.528730158730159,5.714444444444444,6.0193650793650795,6.02,4.9,4.5,4.5,4.5,4.5,4.5,4.5,4.5,
2001Q2,GB_0,2.4,1.6,2.0,3.2,3.1,1.3,1.3,2.0,1.7,1.8,1.8,,,5.6,2.2,1.0,2.0,0.7,1.5,3.4,3.3,3.3,3.5,3.7,,,5.714444444444444,6.0193650793650795,6.01983870967742,4.81,3.8,3.5,3.5,3.5,3.5,3.5,3.5,,
2001Q2,GB_1,2.4,1.6,2.0,3.2,2.9,1.3,1.3,1.9,1.7,1.8,1.8,,,5.6,2.2,1.0,1.2,0.6,1.3,2.9,3.2,3.2,3.7,3.8,,,5.714444444444444,6.0193650793650795,6.01983870967742,4.81,3.7,3.5,3.5,3.5,3.5,3.5,3.5,,
2001Q3,GB_0,1.9,1.8,3.3,2.2,1.5,1.8,2.2,1.7,1.8,1.8,,,,1.3,1.9,1.3,0.2,1.0,1.5,2.4,2.4,2.9,3.0,,,,6.0193650793650795,6.01983870967742,4.808870967741935,3.66,3.5,3.25,3.25,3.25,3.25,3.25,3.25,3.25,3.25
2001Q3,GB_1,1.9,1.8,3.3,2.2,3.7,0.1,1.8,1.5,1.6,1.6,2.1,1.7,1.6,1.3,1.9,1.3,0.4,-0.6,-0.7,-0.1,1.4,3.2,3.5,3.5,3.5,3.5,6.0193650793650795,6.01983870967742,4.808870967741935,3.66,3.2,2.1,2.0,2.0,2.0,2.0,2.0,2.0,2.25
2001Q4,GB_0,1.8,3.3,2.1,2.1,0.4,2.0,1.7,1.7,1.6,2.0,1.5,1.5,1.5,1.9,1.3,0.3,-0.4,-2.4,-0.1,2.8,3.5,3.5,3.5,3.7,3.7,3.8,6.01983870967742,4.808870967741935,3.655396825396825,3.2,2.1,1.75,1.75,1.75,1.75,2.0,2.0,2.25,2.5
2001Q4,GB_1,1.8,3.3,2.1,2.2,0.3,1.9,1.6,1.5,1.5,1.8,1.3,1.3,1.3,1.9,1.3,0.3,-1.1,-2.1,-0.1,3.3,4.5,3.6,3.5,3.7,3.7,3.7,6.01983870967742,4.808870967741935,3.655396825396825,3.2,1.9,1.5,1.5,1.5,1.5,1.75,2.0,2.25,2.5
2002Q1,GB_0,3.3,2.1,2.3,0.2,1.7,1.6,1.5,1.4,1.7,1.3,1.3,1.3,,1.3,0.3,-1.3,-0.3,1.5,2.5,3.5,3.3,3.4,3.5,3.6,3.7,,4.808870967741935,3.655396825396825,3.2118032786885244,1.91,1.5,1.5,1.5,1.5,1.75,2.0,2.25,2.5,
2002Q1,GB_1,3.3,2.1,2.3,-0.3,1.5,2.1,1.6,1.4,1.9,1.4,1.5,1.5,,1.3,0.3,-1.3,1.4,3.8,3.5,3.6,3.6,3.9,3.9,3.9,4.1,,4.808870967741935,3.655396825396825,3.2118032786885244,1.91,1.7,1.7,1.7,2.0,2.25,2.75,3.25,3.75,
2002Q2,GB_0,2.1,2.3,-0.1,0.8,2.1,1.3,1.4,1.8,1.3,1.3,1.4,,,0.3,-1.3,1.7,5.8,2.0,3.2,3.9,4.1,4.1,4.2,4.2,,,3.655396825396825,3.2118032786885244,1.9141935483870967,1.72,1.75,1.55,1.75,2.0,2.5,3.0,3.5,,
2002Q2,GB_1,2.1,2.3,-0.1,1.1,1.3,0.9,1.4,1.8,1.4,1.4,1.4,,,0.3,-1.3,1.7,5.5,1.8,3.3,3.5,4.0,4.1,4.2,4.2,,,3.655396825396825,3.2118032786885244,1.9141935483870967,1.72,1.7,1.65,1.65,1.75,2.25,2.75,3.25,,
2002Q3,GB_0,2.2,-0.5,1.3,1.2,0.8,1.3,1.7,1.4,1.4,1.4,,,,-0.3,2.7,5.0,1.2,2.7,2.2,3.3,3.4,3.6,3.8,,,,3.2118032786885244,1.9141935483870967,1.7206666666666666,1.72,1.65,1.65,1.65,1.65,1.65,1.65,1.75,2.25,2.75
2002Q3,GB_1,2.2,-0.5,1.3,1.1,1.1,1.2,1.9,1.5,1.4,1.4,1.8,1.4,1.3,-0.3,2.7,5.0,1.5,3.2,2.0,2.9,3.1,3.4,3.7,3.8,3.9,3.9,3.2118032786885244,1.9141935483870967,1.7206666666666666,1.72,1.65,1.65,1.65,1.65,1.65,1.65,1.65,1.75,2.0
2002Q4,GB_0,-0.5,1.3,1.2,1.0,1.8,1.6,1.2,1.3,1.3,1.7,1.2,1.2,1.2,2.7,5.0,1.3,3.1,1.0,2.2,2.6,3.3,3.8,3.9,4.0,4.0,3.6,1.9141935483870967,1.7206666666666666,1.71390625,1.65,1.55,1.5,1.5,1.5,1.5,1.5,1.5,1.5,1.5
2002Q4,GB_1,-0.5,1.3,1.2,1.0,2.1,1.7,1.2,1.3,1.3,1.6,1.3,1.3,1.3,2.7,5.0,1.3,4.0,1.0,2.3,2.9,3.9,4.2,4.4,4.3,4.3,4.1,1.9141935483870967,1.7206666666666666,1.71390625,1.64,1.25,1.0,1.0,1.0,1.0,1.0,1.0,1.25,1.5
2003Q1,GB_0,1.3,1.2,1.0,1.8,1.2,1.2,1.2,1.3,1.6,1.2,1.2,1.2,,5.0,1.3,4.0,0.2,2.6,2.9,4.3,4.6,5.0,4.9,4.7,4.4,,1.7206666666666666,1.71390625,1.643125,1.34,1.2,1.2,1.2,1.2,1.15,1.15,1.4,1.65,
2003Q1,GB_1,1.3,1.2,1.0,1.6,2.0,1.4,1.0,1.2,1.6,1.2,1.1,1.1,,5.0,1.3,4.0,1.4,2.3,2.3,3.8,4.5,4.9,4.7,4.6,4.4,,1.7206666666666666,1.71390625,1.643125,1.34,1.15,1.15,1.15,1.15,1.15,1.15,1.15,1.15,
2003Q2,GB_0,1.2,1.0,1.8,2.6,1.0,1.1,1.2,1.6,1.2,1.1,1.1,,,1.3,4.0,1.4,1.6,2.0,3.4,4.3,4.7,4.8,4.8,4.8,,,1.71390625,1.643125,1.3425806451612903,1.15,1.15,1.15,1.15,1.15,1.15,1.15,1.15,,
2003Q2,GB_1,1.2,1.0,1.8,2.5,0.9,0.4,1.1,1.5,1.0,1.0,0.9,,,1.3,4.0,1.4,1.6,1.5,3.8,4.6,5.3,5.3,5.4,5.4,,,1.71390625,1.643125,1.3425806451612903,1.15,1.05,0.9,0.9,0.9,0.9,0.9,0.9,,
2003Q3,GB_0,1.0,1.8,2.4,1.0,0.9,1.0,1.3,0.9,0.9,0.9,,,,4.0,1.4,1.4,2.6,3.6,4.4,4.8,4.8,4.8,4.8,,,,1.643125,1.3425806451612903,1.1547540983606557,1.04,0.9,0.9,0.9,0.9,0.9,0.9,0.9,0.9,1.15
2003Q3,GB_1,1.0,1.8,2.4,0.8,1.5,1.1,1.1,0.9,0.9,0.9,1.3,0.9,0.9,4.0,1.4,1.4,3.3,4.4,4.6,5.2,5.1,5.0,4.7,3.8,4.1,4.0,1.643125,1.3425806451612903,1.1547540983606557,1.04,0.9,0.9,0.9,0.9,0.9,0.9,0.9,0.9,1.15
2003Q4,GB_0,1.8,2.4,1.0,1.8,0.8,1.1,0.9,1.0,1.0,1.4,1.0,1.0,0.9,1.4,1.4,3.3,6.3,4.4,5.2,5.2,5.1,4.8,3.9,4.2,4.1,4.0,1.3425806451612903,1.1547540983606557,1.0392063492063492,0.93,0.9,0.9,0.9,0.9,0.9,0.9,0.9,1.15,1.4
2003Q4,GB_1,1.8,2.4,1.0,1.7,1.1,1.2,0.9,0.9,1.0,1.4,1.1,1.1,1.0,1.4,1.4,3.3,8.2,4.4,5.3,5.5,5.3,4.9,3.8,4.0,3.9,3.7,1.3425806451612903,1.1547540983606557,1.0392063492063492,0.93,0.9,0.9,0.9,0.9,0.9,1.15,1.4,1.65,1.9
2004Q1,GB_0,2.3,1.1,1.6,1.4,1.6,0.6,0.6,0.8,1.3,1.0,1.1,1.0,,2.0,3.1,8.2,4.8,5.0,5.4,5.4,5.4,4.1,4.0,4.0,3.8,,1.1547540983606557,1.0392063492063492,0.92828125,0.92,0.9,0.9,0.9,0.9,1.15,1.4,1.65,1.9,
2004Q1,GB_1,2.3,1.1,1.6,1.3,2.1,0.9,0.4,0.7,1.3,1.1,1.1,1.1,,2.0,3.1,8.2,4.0,4.4,4.9,5.3,5.3,4.1,4.0,4.0,3.9,,1.1547540983606557,1.0392063492063492,0.92828125,0.92,0.9,0.9,0.9,0.9,1.15,1.4,1.65,1.9,
2004Q2,GB_0,1.1,1.6,1.5,2.3,1.6,0.6,0.7,1.4,1.2,1.2,1.2,,,3.1,8.2,4.1,5.2,4.6,5.1,5.1,4.0,3.8,3.7,3.6,,,1.0392063492063492,0.92828125,0.9156451612903226,0.92,0.9,0.9,1.15,1.4,1.65,1.9,2.15,,
2004Q2,GB_1,1.1,1.6,1.5,2.7,2.6,1.1,0.8,1.5,1.3,1.3,1.3,,,3.1,8.2,4.1,4.4,4.7,5.2,4.9,3.7,3.6,3.6,3.5,,,1.0392063492063492,0.92828125,0.9156451612903226,0.92,1.05,1.55,1.9,2.15,2.65,2.9,3.15,,
2004Q3,GB_0,1.4,1.6,2.8,3.2,0.9,1.2,1.9,1.6,1.6,1.5,,,,7.4,4.2,4.5,3.1,3.9,4.7,3.9,3.6,3.6,3.6,,,,0.92828125,0.9156451612903226,0.9161290322580645,1.08,1.55,1.9,2.15,2.4,2.65,2.9,3.15,3.15,3.4
2004Q3,GB_1,1.4,1.6,2.8,3.2,0.8,1.1,2.1,1.7,1.5,1.5,1.9,1.5,1.5,7.4,4.2,4.5,3.3,3.6,4.1,3.7,3.8,3.9,3.9,4.0,4.0,4.0,0.92828125,0.9156451612903226,0.9161290322580645,1.08,1.55,1.9,1.9,2.15,2.15,2.4,2.65,2.65,2.9
2004Q4,GB_0,1.6,2.8,3.2,1.3,1.7,1.6,1.3,1.4,1.5,1.8,1.5,1.5,1.4,4.2,4.5,3.3,3.4,3.4,3.1,3.8,3.9,3.9,3.9,4.0,4.0,4.0,0.9156451612903226,0.9161290322580645,1.0788709677419355,1.49,2.05,2.15,2.15,2.15,2.4,2.65,2.65,2.9,2.9
2004Q4,GB_1,1.6,2.8,3.2,1.3,1.9,1.6,1.3,1.5,1.6,1.9,1.5,1.5,1.5,4.2,4.5,3.3,3.7,3.7,3.4,4.0,4.1,4.0,3.8,3.7,3.7,3.7,0.9156451612903226,0.9161290322580645,1.0788709677419355,1.49,2.1,2.4,2.65,2.65,2.9,3.15,3.15,3.4,3.4
2005Q1,GB_0,2.8,3.2,1.4,1.9,1.3,1.6,1.6,1.5,1.9,1.6,1.5,1.4,,4.5,3.3,4.0,3.5,3.8,4.0,3.9,3.8,3.7,3.6,3.6,3.6,,0.9161290322580645,1.0788709677419355,1.48828125,2.01,2.45,2.8,2.8,3.05,3.3,3.3,3.55,3.55,
2005Q1,GB_1,2.8,3.2,1.4,2.2,2.8,1.8,1.2,1.4,1.9,1.6,1.6,1.5,,4.5,3.3,4.0,4.3,4.3,4.1,3.9,3.8,3.7,3.6,3.6,3.6,,0.9161290322580645,1.0788709677419355,1.48828125,2.01,2.5,2.95,3.3,3.55,3.8,3.8,4.05,4.05,
2005Q2,GB_0,3.2,1.4,2.3,3.3,2.6,1.2,1.5,2.1,1.8,1.8,1.7,,,3.3,4.0,3.8,3.1,3.6,3.7,3.7,3.6,3.5,3.5,3.5,,,1.0788709677419355,1.48828125,2.0116129032258065,2.54,2.9,3.25,3.25,3.45,3.45,3.65,3.65,,
2005Q2,GB_1,3.2,1.4,2.3,3.1,2.5,1.6,1.9,2.2,1.9,1.8,1.8,,,3.3,4.0,3.8,3.9,3.0,3.8,3.7,3.5,3.4,3.4,3.3,,,1.0788709677419355,1.48828125,2.0116129032258065,2.54,2.85,3.35,3.45,3.45,3.45,3.65,3.65,,
2005Q3,GB_0,1.5,2.7,3.1,2.5,1.6,2.0,2.4,2.0,2.0,2.0,,,,4.0,3.3,3.8,3.3,4.3,4.0,3.0,3.1,3.1,3.1,,,,1.48828125,2.0116129032258065,2.543606557377049,2.87,3.35,3.85,3.9,3.9,4.15,4.15,4.15,4.15,4.15
2005Q3,GB_1,1.4577624436418635,2.7339757365790307,3.1,2.5,2.6,2.8,1.7,2.1,2.1,2.1,2.3,2.0,2.0,3.9741466961636274,3.3041454767636314,3.8,3.2,3.1,3.7,4.2,3.5,3.1,2.9,2.9,2.9,2.9,1.48828125,2.0116129032258065,2.543606557377049,2.87,3.35,3.85,3.9,3.9,4.15,4.15,4.15,4.15,4.15
2005Q4,GB_0,2.7339757365790307,3.1,2.6,2.6,3.0,1.8,2.2,2.1,2.1,2.2,1.9,1.9,1.8,3.3041454767636314,3.8,3.3,3.2,3.5,4.0,3.6,2.9,2.7,2.8,2.8,2.9,2.9,2.0116129032258065,2.543606557377049,2.86671875,3.36,3.85,4.15,4.15,4.15,4.15,4.15,4.15,4.15,4.15
2005Q4,GB_1,2.7339757365790307,3.1,2.6,3.1,2.2,2.7,2.4,2.2,2.0,2.2,1.9,1.8,1.8,3.3041454767636314,3.8,3.3,4.3,3.4,3.7,3.5,3.4,3.2,3.1,3.0,2.9,2.9,2.0116129032258065,2.543606557377049,2.86671875,3.36,3.85,4.25,4.25,4.25,4.25,4.25,4.25,4.25,4.25
2006Q1,GB_0,3.1,2.6,3.3,2.6,2.1,2.5,2.2,2.0,2.2,1.9,1.9,1.9,,3.8,3.3,4.1,2.4,4.1,3.8,3.6,3.3,3.0,3.0,3.0,2.9,,2.543606557377049,2.86671875,3.3634375,3.83,4.2,4.3,4.3,4.3,4.4,4.4,4.3,4.3,
2006Q1,GB_1,3.1,2.6,3.3,3.3,3.4,2.6,2.0,2.0,2.1,2.2,2.1,1.9,,3.8,3.3,4.1,1.8,4.7,3.5,3.7,3.4,3.1,3.1,3.1,3.0,,2.543606557377049,2.86671875,3.3634375,3.83,4.4,4.65,4.7,4.7,4.7,4.7,4.45,4.45,
2006Q2,GB_0,2.6,3.3,3.5,3.3,3.2,1.9,2.1,2.3,2.4,2.2,2.0,,,3.3,4.1,1.7,5.3,3.7,3.2,3.1,3.0,3.0,3.0,3.0,,,2.86671875,3.3634375,3.8262295081967213,4.4,4.65,4.7,4.7,4.7,4.7,4.7,4.7,,
2006Q2,GB_1,2.6,3.3,3.5,3.3,3.8,2.3,1.6,2.3,2.5,2.3,2.1,,,3.3,4.1,1.7,5.8,2.0,2.7,2.7,2.5,2.8,2.7,2.7,,,2.86671875,3.3634375,3.8262295081967213,4.4,4.7,4.95,4.95,4.95,4.95,4.95,4.95,,
2006Q3,GB_0,3.3,3.3,3.3,3.3,3.0,1.6,2.1,2.6,2.5,2.2,,,,4.2,1.8,5.6,3.0,2.2,2.1,2.2,2.3,2.3,2.4,,,,3.3634375,3.8262295081967213,4.398870967741936,4.71,4.95,4.95,4.95,4.95,4.95,4.95,4.95,4.95,4.7
2006Q3,GB_1,3.2830300385571887,3.2526844011302014,3.3,3.4,2.2,1.9,2.6,2.8,2.6,2.3,2.5,2.6,2.4,4.183397102449327,1.7641226497471907,5.6,2.8,1.8,1.7,1.9,2.0,2.1,2.2,2.3,2.4,2.5,3.3634375,3.8262295081967213,4.398870967741936,4.71,4.9,4.9,4.9,4.95,4.95,4.95,4.95,4.95,4.7
2006Q4,GB_0,3.2526844011302014,3.3,3.3,1.8,1.6,3.0,2.7,2.6,2.4,2.6,2.5,2.4,2.3,1.7641226497471907,5.6,2.6,1.0,2.3,2.1,2.1,2.2,2.3,2.5,2.5,2.5,2.5,3.8262295081967213,4.398870967741936,4.708253968253969,4.91,4.9,4.9,4.95,4.95,4.95,4.95,4.95,4.7,4.7
2006Q4,GB_1,3.2526844011302014,3.3,3.3,1.8,1.5,3.5,2.4,2.4,2.3,2.5,2.4,2.3,2.2,1.7641226497471907,5.6,2.6,2.0,1.3,1.7,2.2,2.4,2.4,2.5,2.5,2.5,2.5,3.8262295081967213,4.398870967741936,4.708253968253969,4.91,4.9,4.9,4.95,4.95,4.95,4.95,4.95,4.7,4.7
2007Q1,GB_0,3.3,3.3,1.9,1.9,3.7,2.4,2.3,2.2,2.4,2.3,2.2,2.1,,5.6,2.6,2.0,2.6,2.0,2.3,2.4,2.5,2.5,2.5,2.5,2.5,,4.398870967741936,4.708253968253969,4.906825396825397,4.9,4.9,4.95,4.95,4.95,4.95,4.95,4.95,4.95,
2007Q1,GB_1,3.3,3.3,1.9,1.6,3.9,2.7,2.0,2.1,2.4,2.3,2.2,2.1,,5.6,2.6,2.0,2.2,1.5,2.3,2.3,2.3,2.3,2.3,2.3,2.3,,4.398870967741936,4.708253968253969,4.906825396825397,4.9,5.0,4.95,4.95,4.95,4.95,4.95,4.7,4.7,
2007Q2,GB_0,3.3,1.9,1.7,3.9,2.8,1.7,2.1,2.3,2.3,2.3,2.1,,,2.6,2.0,2.5,1.3,2.6,2.0,2.1,2.4,2.4,2.4,2.4,,,4.708253968253969,4.906825396825397,4.903548387096774,4.98,4.85,4.9,4.95,4.95,4.95,4.95,4.95,,
2007Q2,GB_1,3.3,1.9,1.7,4.1,2.9,1.3,1.9,2.2,2.3,2.2,2.1,,,2.6,2.0,2.5,1.0,3.0,2.5,2.2,2.5,2.5,2.5,2.5,,,4.708253968253969,4.906825396825397,4.903548387096774,4.98,4.85,4.9,4.95,4.95,4.95,4.95,4.95,,
2007Q3,GB_0,2.4,1.7,4.2,2.7,1.4,2.1,2.2,2.3,2.3,2.2,,,,1.1,2.1,0.6,3.4,2.2,1.6,1.8,1.9,2.0,2.1,,,,4.906825396825397,4.903548387096774,4.978225806451612,4.74,4.8,4.8,4.9,4.95,4.95,4.95,4.95,4.95,4.7
2007Q3,GB_1,2.3583483784269,1.7095614567933293,4.2,2.7,0.8,2.3,2.1,2.1,2.1,2.0,2.2,2.1,2.0,1.0655490840680626,2.090874781389984,0.6,3.7,2.6,1.0,1.3,1.7,1.8,1.9,2.1,2.1,2.2,4.906825396825397,4.903548387096774,4.978225806451612,4.74,4.4,4.3,4.4,4.45,4.45,4.45,4.45,4.45,4.45
2007Q4,GB_0,1.7095614567933293,4.2,2.6,0.5,0.8,2.7,2.2,2.1,2.0,2.2,2.2,2.1,2.0,2.090874781389984,0.6,3.8,3.3,1.4,1.5,1.8,1.9,1.9,2.1,2.2,2.2,2.2,4.903548387096774,4.978225806451612,4.7375,4.31,4.0,4.3,4.45,4.45,4.45,4.45,4.45,4.45,4.45
2007Q4,GB_1,1.7095614567933293,4.2,2.6,0.9,1.8,2.5,2.2,2.0,1.9,2.1,2.0,1.9,1.9,2.090874781389984,0.6,3.8,5.0,0.1,0.7,1.4,1.5,1.7,1.9,2.1,2.1,2.1,4.903548387096774,4.978225806451612,4.7375,4.31,3.4,3.8,3.95,3.95,3.95,3.95,3.95,3.7,3.7
2008Q1,GB_0,4.2,2.6,1.0,2.4,2.7,2.0,2.0,2.0,2.1,2.0,1.9,1.8,,0.6,3.8,4.9,0.5,0.6,1.2,1.9,2.4,1.6,2.0,2.5,2.6,,4.978225806451612,4.7375,4.314920634920634,3.41,2.6,2.7,2.7,2.7,2.7,2.7,2.7,2.7,
2008Q1,GB_1,4.2,2.6,1.0,2.7,2.5,1.6,2.0,2.0,2.1,2.1,1.9,1.9,,0.6,3.8,4.9,0.4,0.1,-1.0,0.9,0.5,2.3,3.2,3.3,3.3,,4.978225806451612,4.7375,4.314920634920634,3.41,2.2,1.86,1.45,1.45,1.45,1.45,1.45,1.45,
2008Q2,GB_0,2.6,1.0,2.4,2.6,0.9,2.4,2.1,2.3,2.1,1.9,1.8,,,3.8,4.9,0.6,0.4,-1.4,1.2,0.7,1.7,3.1,3.2,3.3,,,4.7375,4.314920634920634,3.405806451612903,2.06,1.3,1.45,1.45,1.45,1.45,1.45,1.45,,
2008Q2,GB_1,2.6,1.0,2.4,2.7,0.2,3.0,2.3,2.4,2.3,2.1,2.0,,,3.8,4.9,0.6,1.1,1.7,0.9,0.5,1.4,2.7,2.8,2.8,,,4.7375,4.314920634920634,3.405806451612903,2.06,1.65,1.9,1.9,1.9,2.2,2.45,2.45,,
2008Q3,GB_0,1.0,2.4,2.7,0.5,3.5,2.0,2.6,2.5,2.2,2.1,,,,4.9,0.6,1.0,2.7,0.7,0.4,1.4,2.3,2.4,2.6,,,,4.314920634920634,3.405806451612903,2.058360655737705,1.62,1.7,1.7,1.9,2.2,2.45,2.45,2.45,2.7,2.7
2008Q3,GB_1,1.5245641368560436,2.8367274645590967,2.6,1.2,4.9,2.7,2.3,2.3,2.1,2.0,1.9,2.0,1.9,4.757392254616355,-0.17192170149000763,0.9,3.5,0.6,1.1,1.6,2.2,2.2,2.3,2.4,2.6,2.8,4.314920634920634,3.405806451612903,2.058360655737705,1.62265623,1.64999998,1.70000005,1.70000005,1.70000005,1.95000005,2.20000005,2.45000005,2.45000005,2.70000005
2008Q4,GB_0,2.8367274645590967,2.6,1.1,4.1,4.3,2.0,1.6,1.5,1.3,1.2,1.4,1.3,1.2,-0.17192170149000763,0.9,2.8,-1.0,-1.3,-1.4,-0.4,0.4,1.0,1.5,2.0,2.5,3.0,3.405806451612903,2.058360655737705,1.62265625,1.49609375,0.89999998,0.30000001,0.2,0.2,0.2,0.2,0.2,0.44999999,0.69999999
2008Q4,GB_1,2.8367274645590967,2.6,1.1,4.1,2.4,2.1,1.6,1.4,0.9,0.8,0.9,0.8,0.7,-0.17192170149000763,0.9,2.8,-0.4,-4.7,-5.0,-1.2,1.0,1.6,1.9,2.2,2.6,3.0,3.405806451612903,2.058360655737705,1.62265625,1.49609375,0.30000001,0.05,0.05,0.05,0.05,0.05,0.05,0.05,0.05
2009Q1,GB_0,2.6,1.1,3.9,1.7,1.3,2.3,1.4,1.1,1.0,1.0,0.9,0.8,,0.9,2.8,-0.5,-4.9,-5.6,-1.3,1.8,2.1,2.2,2.4,2.7,3.1,,2.058360655737705,1.62265625,1.49609375,0.30709678,0.05,0.05,0.05,0.05,0.05,0.05,0.05,0.05,
2009Q1,GB_1,2.6,1.1,3.9,0.3,3.4,0.9,1.1,0.9,0.8,0.8,0.7,0.6,,0.9,2.8,-0.5,-6.7,-6.5,-2.0,-0.5,-0.1,0.7,1.4,1.9,2.1,,2.058360655737705,1.62265625,1.49609375,0.30709678,0.2,0.2,0.2,0.2,0.2,0.2,0.2,0.2,
2009Q2,GB_0,1.1,3.9,0.5,3.3,0.5,1.5,1.1,1.0,1.0,0.9,0.8,,,2.8,-0.5,-6.3,-6.3,-1.5,0.4,1.2,1.9,2.5,3.0,3.3,,,1.62265625,1.49609375,0.30709677419354836,0.21180327,0.15000001,0.2,0.2,0.2,0.2,0.2,0.2,,
2009Q2,GB_1,1.1,3.9,0.5,2.7,-0.6,1.6,1.6,1.4,1.2,1.0,0.8,,,2.8,-0.5,-6.3,-5.5,-1.0,0.7,1.6,2.3,2.8,3.2,3.4,,,1.62265625,1.49609375,0.30709677419354836,0.21180327,0.15000001,0.2,0.2,0.2,0.2,0.2,0.2,,
2009Q3,GB_0,4.0,0.1,1.9,0.2,0.8,1.2,1.1,1.2,1.1,1.0,,,,-2.7,-5.4,-6.4,-1.5,0.8,1.7,2.5,3.0,3.4,3.6,,,,1.49609375,0.30709677419354836,0.21180327868852458,0.17031746,0.2,0.2,0.2,0.2,0.2,0.2,0.2,0.2,0.2
2009Q3,GB_1,4.0161301304672214,0.09166532386599702,1.9,0.0,0.7,1.0,1.4,1.2,1.1,1.1,1.2,1.1,1.0,-2.677072101741962,-5.372817175606737,-6.4,-1.0,2.5,3.2,2.8,3.2,3.8,4.2,4.4,4.5,4.6,1.49609375,0.30709677419354836,0.21180327868852458,0.17031746,0.15000001,0.15000001,0.15000001,0.15000001,0.15000001,0.15000001,0.15000001,0.15000001,0.15000001
2009Q4,GB_0,0.09166532386599702,1.9,0.0,0.8,0.3,1.7,1.3,1.2,1.1,1.2,1.1,1.0,1.0,-5.372817175606737,-6.4,-0.7,3.4,2.8,3.2,3.2,3.5,3.9,4.2,4.4,4.5,4.5,0.30709677419354836,0.21180327868852458,0.1703174603174603,0.15984374,0.15000001,0.15000001,0.15000001,0.15000001,0.15000001,0.15000001,0.15000001,0.15000001,0.15000001
2009Q4,GB_1,0.09166532386599702,1.9,0.0,0.5,0.7,1.3,1.5,1.3,1.1,1.3,1.1,1.1,1.0,-5.372817175606737,-6.4,-0.7,2.5,3.8,3.6,3.5,3.6,3.8,4.2,4.5,4.6,4.7,0.30709677419354836,0.21180327868852458,0.1703174603174603,0.15984374,0.05,0.1,0.1,0.1,0.1,0.1,0.1,0.2,0.40000001
2010Q1,GB_0,1.9,0.0,0.4,0.8,1.9,1.1,1.2,1.1,1.2,1.1,1.0,1.0,,-6.4,-0.7,2.2,5.3,2.8,3.8,3.9,4.0,4.3,4.7,4.9,5.0,,0.21180327868852458,0.1703174603174603,0.15984375,0.06048387,0.05,0.1,0.1,0.1,0.1,0.1,0.2,0.40000001,
2010Q1,GB_1,1.9,0.0,0.4,0.4,2.0,0.8,1.2,0.9,1.0,0.9,0.9,0.9,,-6.4,-0.7,2.2,5.6,2.2,3.6,3.5,3.8,4.0,4.3,4.6,4.7,,0.21180327868852458,0.1703174603174603,0.15984375,0.06048387,0.1,0.125,0.125,0.125,0.125,0.125,0.15000001,0.25,
2010Q2,GB_0,0.0,0.4,0.5,1.1,1.0,1.3,1.0,1.0,0.9,0.9,0.8,,,-0.7,2.2,5.6,2.9,3.5,3.6,3.8,4.0,4.3,4.6,4.7,,,0.1703174603174603,0.15984375,0.06048387096774194,0.10983606,0.15000001,0.15000001,0.15000001,0.15000001,0.15000001,0.15000001,0.25,,
2010Q2,GB_1,0.0,0.4,0.5,1.0,1.1,0.6,1.0,0.9,0.8,0.8,0.7,,,-0.7,2.2,5.6,3.1,3.6,2.7,3.2,3.3,3.5,3.8,4.1,,,0.1703174603174603,0.15984375,0.06048387096774194,0.10983606,0.15000001,0.15000001,0.15000001,0.15000001,0.15000001,0.15000001,0.15000001,0.2,0.30000001
2010Q3,GB_0,0.7,-0.2,1.0,1.8,1.3,0.8,1.1,0.9,0.9,1.0,,,,1.6,5.0,3.7,2.1,2.4,2.6,3.0,3.4,3.9,4.3,,,,0.15984375,0.06048387096774194,0.1098360655737705,0.14828125,0.15000001,0.15000001,0.15000001,0.15000001,0.15000001,0.15000001,0.2,0.30000001,0.40000001
2010Q3,GB_1,0.7469143486237506,-0.24031011009617576,1.0,1.9,1.9,0.4,1.2,1.0,0.9,0.9,1.2,1.2,1.1,1.595721541379147,5.011912967818755,3.7,1.7,1.7,2.4,2.5,3.1,3.6,4.1,4.3,4.4,4.4,0.15984375,0.06048387096774194,0.1098360655737705,0.14828125,0.15000001,0.15000001,0.15000001,0.15000001,0.15000001,0.15000001,0.2,0.30000001,0.40000001
2010Q4,GB_0,-0.24031011009617576,1.0,1.9,2.1,0.4,1.2,1.1,1.0,1.0,1.3,1.2,1.2,1.2,5.011912967818755,3.7,1.7,1.7,2.4,2.7,3.4,4.0,4.4,4.6,4.7,4.8,4.8,0.06048387096774194,0.1098360655737705,0.14828125,0.15484375,0.15000001,0.15000001,0.15000001,0.15000001,0.15000001,0.2,0.30000001,0.44999999,0.75
2010Q4,GB_1,-0.24031011009617576,1.0,1.9,2.3,0.2,1.2,0.9,0.8,0.8,1.1,1.1,1.1,1.1,5.011912967818755,3.7,1.7,2.7,2.5,3.4,3.5,3.7,4.3,4.3,4.4,4.5,4.5,0.06048387096774194,0.1098360655737705,0.14828125,0.15484375,0.15000001,0.15000001,0.15000001,0.15000001,0.15000001,0.15000001,0.15000001,0.15000001,0.30000001
2011Q1,GB_0,1.0,1.9,2.1,0.0,2.0,1.0,1.0,0.9,1.1,1.1,1.1,1.1,,3.7,1.7,2.6,3.8,3.6,3.7,3.8,4.2,4.3,4.4,4.5,4.6,,0.1098360655737705,0.14828125,0.15484375,0.13951613,0.15000001,0.15000001,0.15000001,0.15000001,0.15000001,0.15000001,0.15000001,0.30000001,
2011Q1,GB_1,1.0,1.9,2.1,0.4,1.6,2.4,1.0,1.0,1.3,1.3,1.3,1.3,,3.7,1.7,2.6,3.2,3.2,3.8,3.9,4.0,4.2,4.4,4.4,4.5,,0.1098360655737705,0.14828125,0.15484375,0.13951613,0.15000001,0.15000001,0.15000001,0.15000001,0.15000001,0.30000001,0.40000001,0.60000002,
2011Q2,GB_0,1.9,2.1,0.4,1.9,2.9,1.2,1.2,1.5,1.4,1.4,1.4,,,1.7,2.6,3.1,1.7,3.1,4.1,3.8,4.0,4.2,4.2,4.3,,,0.14828125,0.15484375,0.13951612903225807,0.12677419,0.1,0.15000001,0.15000001,0.15000001,0.30000001,0.40000001,0.60000002,,
2011Q2,GB_1,1.9,2.1,0.4,2.0,3.8,1.6,1.3,1.6,1.5,1.5,1.5,,,1.7,2.6,3.1,2.1,1.9,3.9,2.9,3.1,3.3,3.7,3.9,,,0.14828125,0.15484375,0.13951612903225807,0.12677419,0.05,0.1,0.15000001,0.15000001,0.2,0.30000001,0.44999999,0.69999999,0.94999999
2011Q3,GB_0,1.4,1.9,2.5,2.3,2.1,1.2,0.7,2.9,1.3,1.2,,,,2.5,2.3,0.4,1.4,2.9,2.4,2.4,2.9,3.2,3.4,,,,0.15484375,0.13951612903225807,0.1267741935483871,0.0452381,0.05,0.12,0.15000001,0.15000001,0.15000001,0.15000001,0.15000001,0.44999999,0.75
2011Q3,GB_1,1.4230776051110006,1.9463620523917147,2.5,2.4,2.8,1.8,0.7,2.1,1.2,1.2,0.9,2.2,1.3,2.507443947731214,2.349255145811413,0.4,1.2,2.5,2.0,2.2,2.3,2.7,3.0,3.2,3.3,3.5,0.15484375,0.13951612903225807,0.1267741935483871,0.0452381,0.05,0.12,0.15000001,0.15000001,0.15000001,0.15000001,0.15000001,0.15000001,0.15000001
2011Q4,GB_0,1.9463620523917147,2.5,2.5,2.5,1.4,1.1,2.4,1.4,1.2,1.0,2.3,1.4,1.3,2.349255145811413,0.4,1.3,2.7,2.5,2.4,2.5,2.6,2.7,2.9,3.1,3.4,3.5,0.13951612903225807,0.1267741935483871,0.04523809523809524,0.025,0.05,0.15000001,0.15000001,0.15000001,0.15000001,0.15000001,0.15000001,0.15000001,0.15000001
2011Q4,GB_1,1.9463620523917147,2.5,2.5,2.5,1.0,1.7,1.6,1.6,1.4,1.5,1.4,1.4,1.4,2.349255145811413,0.4,1.3,1.9,3.2,2.1,1.9,2.5,2.9,2.2,2.3,2.5,2.9,0.13951612903225807,0.1267741935483871,0.04523809523809524,0.025,0.02,0.05,0.05,0.1,0.15000001,0.15000001,0.15000001,0.15000001,0.15000001
2012Q1,GB_0,2.5,2.5,2.6,0.9,1.7,1.7,1.5,1.4,1.5,1.4,1.4,1.4,,0.4,1.3,1.8,2.9,1.6,1.8,2.3,2.7,2.1,2.2,2.4,2.8,,0.1267741935483871,0.04523809523809524,0.025,0.0147541,0.02,0.05,0.1,0.15000001,0.15000001,0.15000001,0.15000001,0.15000001,
2012Q1,GB_1,2.5,2.5,2.6,0.9,1.5,2.0,1.5,1.4,1.5,1.5,1.5,1.5,,0.4,1.3,1.8,3.1,1.8,2.2,2.6,2.9,2.3,2.6,2.8,3.0,,0.1267741935483871,0.04523809523809524,0.025,0.0147541,0.06,0.1,0.1,0.15000001,0.15000001,0.15000001,0.15000001,0.2,0.34999999
2012Q2,GB_0,2.5,2.6,0.9,2.0,1.4,1.8,1.5,1.6,1.6,1.6,1.6,,,1.3,1.8,3.0,2.5,2.1,2.5,2.9,2.4,2.7,2.9,3.1,,,0.04523809523809524,0.025,0.014754098360655738,0.07064516,0.08,0.1,0.15000001,0.15000001,0.15000001,0.15000001,0.30000001,0.55000001,0.80000001
2012Q2,GB_1,2.5,2.6,0.9,1.7,1.3,2.2,1.6,1.6,1.5,1.5,1.5,,,1.3,1.8,3.0,2.2,1.5,1.9,1.9,1.7,2.1,2.3,2.5,,,0.04523809523809524,0.025,0.014754098360655738,0.07064516,0.1,0.1,0.15000001,0.15000001,0.15000001,0.15000001,0.15000001,0.15000001,0.2
2012Q3,GB_0,2.6,0.9,2.0,0.8,2.2,1.9,1.6,1.5,1.4,1.4,,,,1.8,3.0,1.9,1.0,1.5,1.8,1.6,2.0,2.2,2.5,,,,0.025,0.014754098360655738,0.07064516129032258,0.08828125,0.1,0.15000001,0.15000001,0.15000001,0.15000001,0.15000001,0.15000001,0.15000001,0.2
2012Q3,GB_1,3.0,0.4,2.0,1.6,2.9,1.4,1.4,1.5,1.5,1.4,,,,1.3,4.1,2.0,1.7,1.3,1.7,2.0,2.3,2.6,2.8,,,,0.025,0.014754098360655738,0.07064516129032258,0.08828125,0.1,0.15000001,0.15000001,0.15000001,0.15000001,0.15000001,0.15000001,0.2,0.44999999
2012Q4,GB_0,0.4,2.0,1.6,3.0,2.1,1.0,1.4,1.3,1.3,,,,,4.1,2.0,1.3,2.0,2.0,1.8,2.5,3.0,3.1,,,,,0.014754098360655738,0.07064516129032258,0.08828125,0.1015873,0.1,0.11,0.11,0.11,0.11,0.11,0.11,0.11,0.11
2012Q4,GB_1,0.3656142645543259,2.0036395020381903,1.6,2.7,1.7,1.4,1.4,1.4,1.3,1.5,1.4,1.4,1.4,4.092335186513862,2.0,1.3,2.8,0.9,1.7,2.5,2.8,2.9,2.9,3.1,3.3,3.4,0.014754098360655738,0.07064516129032258,0.08828125,0.1015873,0.1,0.11,0.11,0.11,0.11,0.11,0.11,0.11,0.11
2013Q1,GB_0,2.0036395020381903,1.6,2.7,1.2,1.0,1.8,1.4,1.3,1.5,1.5,1.5,1.5,,2.0,1.3,3.1,0.1,2.7,2.4,2.7,2.8,2.5,3.1,3.5,3.7,,0.07064516129032258,0.08828125,0.10158730158730159,0.08967213,0.1,0.11,0.11,0.11,0.11,0.11,0.11,0.11,0.11
2013Q1,GB_1,2.0036395020381903,1.6,2.7,0.9,1.4,1.5,1.5,1.4,1.6,1.5,1.5,1.5,,2.0,1.3,3.1,0.6,2.8,1.8,2.7,3.0,2.6,3.0,3.5,3.7,,0.07064516129032258,0.08828125,0.10158730158730159,0.08967213,0.1,0.11,0.11,0.11,0.11,0.11,0.11,0.11,0.11
2013Q2,GB_0,1.6,2.7,1.0,1.3,0.7,1.7,1.7,1.8,1.7,1.6,1.5,,,1.3,3.1,0.4,3.1,1.5,2.4,3.2,2.9,3.1,3.4,3.5,,,0.08828125,0.10158730158730159,0.08967213114754098,0.08633333,0.08,0.11,0.11,0.11,0.11,0.11,0.11,0.11,0.11
2013Q2,GB_1,1.6,2.7,1.0,1.2,0.2,1.3,1.5,1.6,1.6,1.5,1.5,,,1.3,3.1,0.4,2.2,1.8,2.5,3.3,3.2,3.3,3.5,3.6,,,0.08828125,0.10158730158730159,0.08967213114754098,0.08633333,0.06,0.11,0.11,0.11,0.11,0.11,0.11,0.34999999,0.64999998
2013Q3,GB_0,2.7,1.0,1.2,0.0,2.0,1.1,1.6,1.6,1.5,1.5,,,,3.1,0.4,1.8,1.1,2.3,3.3,3.2,3.3,3.3,3.4,,,,0.10158730158730159,0.08967213114754098,0.08633333333333335,0.0515625,0.04,0.11,0.11,0.11,0.11,0.11,0.11,0.38999999,0.69999999
2013Q3,GB_1,2.2876024989519905,1.124842974110618,1.3471539616999983,0.8,1.9,1.3,1.4,1.5,1.4,1.4,1.6,1.6,1.6,2.7846976101748577,0.14427781444716903,1.1,2.9,2.2,2.7,2.7,3.0,3.4,3.3,3.4,3.5,3.5,0.10158730158730159,0.08967213114754098,0.08633333333333335,0.0515625,0.04,0.11,0.11,0.11,0.11,0.11,0.34999999,0.60000002,0.85000002
2013Q4,GB_0,1.124842974110618,1.3471539616999983,0.6,2.0,1.2,1.2,1.5,1.4,1.5,1.7,1.6,1.6,1.6,0.14427781444716903,1.1,2.5,2.2,2.1,3.2,3.0,3.4,3.5,3.6,3.6,3.6,3.4,0.08967213114754098,0.08633333333333335,0.051562500000000004,0.0321875,0.11,0.11,0.11,0.11,0.11,0.34999999,0.60000002,0.86000001,1.13
2013Q4,GB_1,1.124842974110618,1.3471539616999983,0.6,2.0,1.1,1.4,1.5,1.5,1.4,1.8,1.6,1.6,1.5,0.14427781444716903,1.1,2.5,3.5,1.7,2.8,2.9,3.2,3.5,3.7,3.6,3.3,3.5,0.08967213114754098,0.08633333333333335,0.051562500000000004,0.0321875,0.11,0.11,0.11,0.11,0.11,0.30000001,0.56999999,0.81999999,1.08000004
2014Q1,GB_0,1.3471539616999983,0.6,2.0,1.5,1.2,1.8,1.7,1.6,1.9,1.8,1.7,1.7,,1.1,2.5,4.1,3.5,2.4,3.1,3.3,3.7,3.5,3.5,3.4,3.2,,0.08633333333333335,0.051562500000000004,0.0321875,0.06016129,0.11,0.11,0.11,0.11,0.46000001,0.81,1.13999999,1.46000004,1.77999997
2014Q1,GB_1,1.3471539616999983,0.6,2.0,1.7,1.5,1.5,1.8,1.7,1.9,1.8,1.8,1.7,,1.1,2.5,4.1,2.2,1.5,3.5,3.2,3.5,3.2,3.2,3.2,3.3,,0.08633333333333335,0.051562500000000004,0.0321875,0.06016129,0.11,0.11,0.11,0.11,0.44999999,0.77999997,1.10000002,1.41999996,1.73000002
